Order ID,Date,Product,Category,Region,Customer,Quantity,Unit Price,Revenue
1000,2024-01-01,Webcam HD,Electronics,South,Customer 9,1,63.44,63.44
1001,2024-01-01,Filing Cabinet,Furniture,North,Customer 38,1,160.38,160.38
1002,2024-01-01,Notebook Set,Stationery,Central,Customer 39,1,10.89,10.89
1003,2024-01-01,Wireless Mouse,Electronics,Central,Customer 27,5,23.74,118.7
1004,2024-01-01,Office Chair,Furniture,North,Customer 49,4,188.52,754.08
1005,2024-01-01,USB-C Hub,Electronics,South,Customer 49,6,40.23,241.38
1006,2024-01-02,Desk Lamp,Furniture,East,Customer 39,1,41.54,41.54
1007,2024-01-02,Standing Desk,Furniture,West,Customer 6,1,378.85,378.85
1008,2024-01-02,Whiteboard,Stationery,East,Customer 37,3,66.44,199.32
1009,2024-01-02,Office Chair,Furniture,East,Customer 6,6,165.13,990.78
1010,2024-01-02,Office Chair,Furniture,East,Customer 11,1,179.11,179.11
1011,2024-01-02,Desk Lamp,Furniture,North,Customer 39,3,42.86,128.58
1012,2024-01-02,Webcam HD,Electronics,West,Customer 25,2,72.35,144.7
1013,2024-01-03,Standing Desk,Furniture,East,Customer 54,6,375.21,2251.26
1014,2024-01-03,Wireless Mouse,Electronics,West,Customer 18,2,27.64,55.28
1015,2024-01-03,Mechanical Keyboard,Electronics,East,Customer 14,2,95.9,191.8
1016,2024-01-03,Webcam HD,Electronics,West,Customer 10,4,69.92,279.68
1017,2024-01-03,Standing Desk,Furniture,East,Customer 48,2,336.58,673.16
1018,2024-01-03,Bluetooth Speaker,Electronics,South,Customer 9,4,61.85,247.4
1019,2024-01-03,Whiteboard,Stationery,North,Customer 10,4,55.36,221.44
1020,2024-01-04,Webcam HD,Electronics,North,Customer 25,2,76.86,153.72
1021,2024-01-04,Notebook Set,Stationery,Central,Customer 56,5,13.79,68.95
1022,2024-01-04,Wireless Mouse,Electronics,Central,Customer 49,6,27.0,162.0
1023,2024-01-04,Standing Desk,Furniture,South,Customer 30,6,344.77,2068.62
1024,2024-01-04,Wireless Mouse,Electronics,Central,Customer 49,6,27.97,167.82
1025,2024-01-04,USB-C Hub,Electronics,East,Customer 54,5,45.13,225.65
1026,2024-01-04,Webcam HD,Electronics,South,Customer 35,5,73.66,368.3
1027,2024-01-05,Whiteboard,Stationery,North,Customer 60,1,62.98,62.98
1028,2024-01-05,Desk Lamp,Furniture,Central,Customer 6,3,43.19,129.57
1029,2024-01-05,Mechanical Keyboard,Electronics,Central,Customer 50,6,86.83,520.98
1030,2024-01-05,USB-C Hub,Electronics,South,Customer 17,2,42.6,85.2
1031,2024-01-05,Whiteboard,Stationery,Central,Customer 49,5,60.35,301.75
1032,2024-01-05,Filing Cabinet,Furniture,East,Customer 29,6,142.54,855.24
1033,2024-01-06,Whiteboard,Stationery,East,Customer 2,4,55.82,223.28
1034,2024-01-06,Bluetooth Speaker,Electronics,North,Customer 46,5,52.66,263.3
1035,2024-01-06,Webcam HD,Electronics,East,Customer 5,1,67.01,67.01
1036,2024-01-06,Whiteboard,Stationery,Central,Customer 9,2,58.18,116.36
1037,2024-01-07,Filing Cabinet,Furniture,West,Customer 52,5,156.61,783.05
1038,2024-01-07,Notebook Set,Stationery,East,Customer 28,2,11.08,22.16
1039,2024-01-07,Notebook Set,Stationery,North,Customer 4,4,13.39,53.56
1040,2024-01-07,Notebook Set,Stationery,South,Customer 13,6,11.82,70.92
1041,2024-01-07,Office Chair,Furniture,East,Customer 30,5,182.19,910.95
1042,2024-01-07,Office Chair,Furniture,Central,Customer 7,1,181.94,181.94
1043,2024-01-07,Wireless Mouse,Electronics,North,Customer 60,6,28.75,172.5
1044,2024-01-07,Office Chair,Furniture,West,Customer 58,2,180.29,360.58
1045,2024-01-07,Wireless Mouse,Electronics,East,Customer 60,2,24.87,49.74
1046,2024-01-07,Pen Pack,Stationery,Central,Customer 43,3,8.05,24.15
1047,2024-01-07,Filing Cabinet,Furniture,North,Customer 38,4,140.8,563.2
1048,2024-01-08,Filing Cabinet,Furniture,North,Customer 38,5,137.29,686.45
1049,2024-01-08,Pen Pack,Stationery,North,Customer 33,5,9.04,45.2
1050,2024-01-08,Mechanical Keyboard,Electronics,South,Customer 26,2,77.96,155.92
1051,2024-01-08,Mechanical Keyboard,Electronics,Central,Customer 6,5,81.73,408.65
1052,2024-01-08,Notebook Set,Stationery,East,Customer 14,6,12.55,75.3
1053,2024-01-09,Webcam HD,Electronics,South,Customer 43,6,68.5,411.0
1054,2024-01-09,Webcam HD,Electronics,North,Customer 1,3,71.0,213.0
1055,2024-01-09,Pen Pack,Stationery,North,Customer 35,5,9.2,46.0
1056,2024-01-09,Office Chair,Furniture,North,Customer 57,5,173.93,869.65
1057,2024-01-09,Office Chair,Furniture,Central,Customer 46,3,174.82,524.46
1058,2024-01-09,Standing Desk,Furniture,Central,Customer 1,5,401.09,2005.45
1059,2024-01-09,Webcam HD,Electronics,South,Customer 17,5,68.24,341.2
1060,2024-01-10,Mechanical Keyboard,Electronics,East,Customer 39,1,92.28,92.28
1061,2024-01-10,Office Chair,Furniture,East,Customer 33,6,177.43,1064.58
1062,2024-01-10,Pen Pack,Stationery,North,Customer 41,3,9.01,27.03
1063,2024-01-10,Notebook Set,Stationery,South,Customer 41,3,10.93,32.79
1064,2024-01-10,Standing Desk,Furniture,West,Customer 36,2,379.86,759.72
1065,2024-01-10,Wireless Mouse,Electronics,South,Customer 35,1,22.97,22.97
1066,2024-01-10,Wireless Mouse,Electronics,South,Customer 3,3,26.14,78.42
1067,2024-01-10,Standing Desk,Furniture,North,Customer 58,3,393.66,1180.98
1068,2024-01-11,Desk Lamp,Furniture,East,Customer 50,2,48.17,96.34
1069,2024-01-11,Whiteboard,Stationery,South,Customer 56,4,68.61,274.44
1070,2024-01-11,USB-C Hub,Electronics,East,Customer 51,2,44.81,89.62
1071,2024-01-11,Notebook Set,Stationery,East,Customer 11,6,13.39,80.34
1072,2024-01-11,Filing Cabinet,Furniture,West,Customer 15,1,149.35,149.35
1073,2024-01-11,Office Chair,Furniture,South,Customer 15,4,177.73,710.92
1074,2024-01-12,Wireless Mouse,Electronics,North,Customer 50,6,23.71,142.26
1075,2024-01-12,Standing Desk,Furniture,Central,Customer 22,3,371.13,1113.39
1076,2024-01-12,Wireless Mouse,Electronics,Central,Customer 17,1,27.98,27.98
1077,2024-01-12,Wireless Mouse,Electronics,East,Customer 28,1,26.23,26.23
1078,2024-01-12,Bluetooth Speaker,Electronics,South,Customer 17,5,51.09,255.45
1079,2024-01-12,Wireless Mouse,Electronics,Central,Customer 44,6,25.23,151.38
1080,2024-01-12,Filing Cabinet,Furniture,West,Customer 5,6,162.64,975.84
1081,2024-01-12,Webcam HD,Electronics,North,Customer 47,3,73.91,221.73
1082,2024-01-12,Standing Desk,Furniture,West,Customer 45,5,342.06,1710.3
1083,2024-01-12,Standing Desk,Furniture,West,Customer 44,5,326.14,1630.7
1084,2024-01-12,Filing Cabinet,Furniture,Central,Customer 54,2,158.08,316.16
1085,2024-01-12,Wireless Mouse,Electronics,Central,Customer 39,3,24.29,72.87
1086,2024-01-12,Webcam HD,Electronics,South,Customer 33,3,71.14,213.42
1087,2024-01-13,Pen Pack,Stationery,Central,Customer 43,6,7.54,45.24
1088,2024-01-13,Webcam HD,Electronics,South,Customer 44,5,68.87,344.35
1089,2024-01-13,Standing Desk,Furniture,North,Customer 16,2,385.57,771.14
1090,2024-01-14,Pen Pack,Stationery,West,Customer 57,5,8.9,44.5
1091,2024-01-14,Webcam HD,Electronics,West,Customer 26,5,66.4,332.0
1092,2024-01-14,Office Chair,Furniture,North,Customer 50,88,191.52,16853.76
1093,2024-01-14,Notebook Set,Stationery,Central,Customer 30,2,11.33,22.66
1094,2024-01-14,Wireless Mouse,Electronics,West,Customer 9,5,24.06,120.3
1095,2024-01-14,Pen Pack,Stationery,East,Customer 49,6,8.26,49.56
1096,2024-01-15,Pen Pack,Stationery,West,Customer 54,5,8.83,44.15
1097,2024-01-15,Whiteboard,Stationery,West,Customer 29,4,67.46,269.84
1098,2024-01-15,Standing Desk,Furniture,Central,Customer 32,2,388.49,776.98
1099,2024-01-15,Webcam HD,Electronics,East,Customer 16,2,67.81,135.62
1100,2024-01-15,Standing Desk,Furniture,South,Customer 10,3,342.97,1028.91
1101,2024-01-15,Office Chair,Furniture,North,Customer 27,4,193.23,772.92
1102,2024-01-15,Notebook Set,Stationery,South,Customer 54,3,12.43,37.29
1103,2024-01-15,Notebook Set,Stationery,North,Customer 55,4,13.51,54.04
1104,2024-01-15,Bluetooth Speaker,Electronics,East,Customer 49,4,56.06,224.24
1105,2024-01-15,Notebook Set,Stationery,Central,Customer 58,4,12.41,49.64
1106,2024-01-15,Office Chair,Furniture,North,Customer 25,4,171.87,687.48
1107,2024-01-15,Desk Lamp,Furniture,South,Customer 54,6,48.14,288.84
1108,2024-01-15,Pen Pack,Stationery,West,Customer 38,2,9.16,18.32
1109,2024-01-16,Bluetooth Speaker,Electronics,South,Customer 56,6,49.87,299.22
1110,2024-01-16,Pen Pack,Stationery,South,Customer 30,2,7.3,14.6
1111,2024-01-16,Desk Lamp,Furniture,West,Customer 17,3,49.06,147.18
1112,2024-01-16,Mechanical Keyboard,Electronics,East,Customer 15,4,76.91,307.64
1113,2024-01-16,Webcam HD,Electronics,North,Customer 16,1,76.67,76.67
1114,2024-01-16,Office Chair,Furniture,West,Customer 43,1,189.96,189.96
1115,2024-01-17,Mechanical Keyboard,Electronics,East,Customer 50,5,96.64,483.2
1116,2024-01-17,Desk Lamp,Furniture,North,Customer 50,2,47.32,94.64
1117,2024-01-17,USB-C Hub,Electronics,East,Customer 37,3,37.08,111.24
1118,2024-01-17,Webcam HD,Electronics,North,Customer 38,4,69.94,279.76
1119,2024-01-17,Filing Cabinet,Furniture,East,Customer 55,6,144.11,864.66
1120,2024-01-17,Webcam HD,Electronics,Central,Customer 51,5,77.1,385.5
1121,2024-01-17,Wireless Mouse,Electronics,North,Customer 33,3,25.83,77.49
1122,2024-01-17,Webcam HD,Electronics,West,Customer 7,3,63.22,189.66
1123,2024-01-17,Notebook Set,Stationery,South,Customer 28,3,12.71,38.13
1124,2024-01-17,USB-C Hub,Electronics,Central,Customer 52,6,41.22,247.32
1125,2024-01-18,Whiteboard,Stationery,Central,Customer 18,4,60.97,243.88
1126,2024-01-18,Desk Lamp,Furniture,West,Customer 16,2,49.85,99.7
1127,2024-01-18,Pen Pack,Stationery,North,Customer 32,5,8.42,42.1
1128,2024-01-18,Desk Lamp,Furniture,East,Customer 22,2,45.98,91.96
1129,2024-01-18,Standing Desk,Furniture,North,Customer 34,5,376.35,1881.75
1130,2024-01-18,Office Chair,Furniture,Central,Customer 49,1,172.86,172.86
1131,2024-01-19,Office Chair,Furniture,West,Customer 51,6,183.42,1100.52
1132,2024-01-19,Wireless Mouse,Electronics,South,Customer 20,1,24.34,24.34
1133,2024-01-19,Webcam HD,Electronics,East,Customer 28,5,69.46,347.3
1134,2024-01-19,Filing Cabinet,Furniture,East,Customer 20,5,147.4,737.0
1135,2024-01-19,Standing Desk,Furniture,North,Customer 48,2,325.56,651.12
1136,2024-01-19,Whiteboard,Stationery,West,Customer 18,6,56.78,340.68
1137,2024-01-19,Filing Cabinet,Furniture,East,Customer 7,5,171.62,858.1
1138,2024-01-19,Office Chair,Furniture,North,Customer 46,3,172.24,516.72
1139,2024-01-19,Whiteboard,Stationery,Central,Customer 19,2,58.11,116.22
1140,2024-01-19,Filing Cabinet,Furniture,North,Customer 56,2,158.92,317.84
1141,2024-01-20,Wireless Mouse,Electronics,East,Customer 12,5,24.28,121.4
1142,2024-01-20,Wireless Mouse,Electronics,North,Customer 26,3,28.38,85.14
1143,2024-01-20,Pen Pack,Stationery,South,Customer 10,1,8.35,8.35
1144,2024-01-20,Bluetooth Speaker,Electronics,Central,Customer 49,3,50.67,152.01
1145,2024-01-20,Notebook Set,Stationery,Central,Customer 25,5,12.59,62.95
1146,2024-01-20,Pen Pack,Stationery,West,Customer 20,4,7.79,31.16
1147,2024-01-20,Bluetooth Speaker,Electronics,North,Customer 49,5,50.33,251.65
1148,2024-01-21,Office Chair,Furniture,South,Customer 16,6,171.5,1029.0
1149,2024-01-21,USB-C Hub,Electronics,Central,Customer 31,68,36.75,2499.0
1150,2024-01-21,Standing Desk,Furniture,West,Customer 5,1,335.25,335.25
1151,2024-01-22,Webcam HD,Electronics,Central,Customer 43,2,79.17,158.34
1152,2024-01-22,Office Chair,Furniture,South,Customer 59,4,167.16,668.64
1153,2024-01-22,Standing Desk,Furniture,East,Customer 39,2,321.25,642.5
1154,2024-01-22,Filing Cabinet,Furniture,West,Customer 45,5,169.54,847.7
1155,2024-01-22,Standing Desk,Furniture,Central,Customer 32,6,350.22,2101.32
1156,2024-01-22,Pen Pack,Stationery,East,Customer 39,1,8.4,8.4
1157,2024-01-22,Standing Desk,Furniture,Central,Customer 38,1,322.99,322.99
1158,2024-01-22,Wireless Mouse,Electronics,South,Customer 31,6,27.63,165.78
1159,2024-01-22,Whiteboard,Stationery,Central,Customer 28,6,60.63,363.78
1160,2024-01-23,Webcam HD,Electronics,West,Customer 22,4,79.96,319.84
1161,2024-01-23,Desk Lamp,Furniture,West,Customer 45,6,41.68,250.08
1162,2024-01-23,Pen Pack,Stationery,Central,Customer 3,3,8.53,25.59
1163,2024-01-23,Pen Pack,Stationery,West,Customer 56,1,7.83,7.83
1164,2024-01-23,Whiteboard,Stationery,West,Customer 4,1,63.86,63.86
1165,2024-01-23,Office Chair,Furniture,West,Customer 49,5,178.28,891.4
1166,2024-01-23,Wireless Mouse,Electronics,East,Customer 29,2,24.17,48.34
1167,2024-01-23,Filing Cabinet,Furniture,Central,Customer 52,4,139.55,558.2
1168,2024-01-23,Office Chair,Furniture,Central,Customer 27,6,169.13,1014.78
1169,2024-01-23,Mechanical Keyboard,Electronics,West,Customer 8,2,97.59,195.18
1170,2024-01-23,Webcam HD,Electronics,Central,Customer 46,2,71.72,143.44
1171,2024-01-23,Standing Desk,Furniture,South,Customer 30,4,388.04,1552.16
1172,2024-01-23,Whiteboard,Stationery,Central,Customer 48,2,59.75,119.5
1173,2024-01-24,USB-C Hub,Electronics,West,Customer 22,1,38.76,38.76
1174,2024-01-24,Whiteboard,Stationery,East,Customer 54,3,66.31,198.93
1175,2024-01-24,Bluetooth Speaker,Electronics,South,Customer 29,5,63.23,316.15
1176,2024-01-24,Whiteboard,Stationery,Central,Customer 25,4,59.18,236.72
1177,2024-01-24,Pen Pack,Stationery,South,Customer 37,3,8.94,26.82
1178,2024-01-24,Notebook Set,Stationery,East,Customer 48,2,13.37,26.74
1179,2024-01-24,Pen Pack,Stationery,South,Customer 32,6,9.03,54.18
1180,2024-01-24,Wireless Mouse,Electronics,North,Customer 56,2,25.64,51.28
1181,2024-01-24,Pen Pack,Stationery,South,Customer 27,1,8.25,8.25
1182,2024-01-25,Webcam HD,Electronics,East,Customer 22,2,64.31,128.62
1183,2024-01-25,Bluetooth Speaker,Electronics,East,Customer 55,6,54.97,329.82
1184,2024-01-25,Webcam HD,Electronics,West,Customer 56,5,69.65,348.25
1185,2024-01-26,Whiteboard,Stationery,East,Customer 15,1,63.26,63.26
1186,2024-01-26,Filing Cabinet,Furniture,North,Customer 29,1,151.27,151.27
1187,2024-01-26,USB-C Hub,Electronics,East,Customer 51,6,38.99,233.94
1188,2024-01-26,Wireless Mouse,Electronics,South,Customer 34,3,24.74,74.22
1189,2024-01-26,Notebook Set,Stationery,South,Customer 6,5,12.85,64.25
1190,2024-01-26,Bluetooth Speaker,Electronics,Central,Customer 10,4,58.02,232.08
1191,2024-01-26,Office Chair,Furniture,North,Customer 58,4,190.71,762.84
1192,2024-01-26,Pen Pack,Stationery,West,Customer 23,3,8.56,25.68
1193,2024-01-26,Bluetooth Speaker,Electronics,East,Customer 30,3,58.29,174.87
1194,2024-01-26,Standing Desk,Furniture,North,Customer 16,2,402.45,804.9
1195,2024-01-26,Notebook Set,Stationery,East,Customer 2,5,11.88,59.4
1196,2024-01-26,Webcam HD,Electronics,North,Customer 59,4,67.8,271.2
1197,2024-01-27,Bluetooth Speaker,Electronics,East,Customer 50,6,56.33,337.98
1198,2024-01-27,Office Chair,Furniture,South,Customer 40,5,198.09,990.45
1199,2024-01-27,Standing Desk,Furniture,South,Customer 41,6,381.11,2286.66
1200,2024-01-27,Mechanical Keyboard,Electronics,West,Customer 3,6,90.23,541.38
1201,2024-01-27,Bluetooth Speaker,Electronics,East,Customer 21,3,59.57,178.71
1202,2024-01-27,Filing Cabinet,Furniture,Central,Customer 57,4,141.59,566.36
1203,2024-01-27,Desk Lamp,Furniture,South,Customer 17,5,46.15,230.75
1204,2024-01-27,Pen Pack,Stationery,North,Customer 30,3,8.69,26.07
1205,2024-01-27,Mechanical Keyboard,Electronics,West,Customer 55,2,92.53,185.06
1206,2024-01-27,Whiteboard,Stationery,East,Customer 35,3,55.35,166.05
1207,2024-01-27,Mechanical Keyboard,Electronics,East,Customer 38,4,84.33,337.32
1208,2024-01-28,Notebook Set,Stationery,South,Customer 31,6,13.62,81.72
1209,2024-01-28,Wireless Mouse,Electronics,Central,Customer 15,5,28.03,140.15
1210,2024-01-28,Webcam HD,Electronics,East,Customer 42,1,74.12,74.12
1211,2024-01-28,Notebook Set,Stationery,East,Customer 32,1,11.22,11.22
1212,2024-01-28,Mechanical Keyboard,Electronics,West,Customer 30,1,81.49,81.49
1213,2024-01-28,Desk Lamp,Furniture,Central,Customer 27,6,51.18,307.08
1214,2024-01-28,Bluetooth Speaker,Electronics,North,Customer 54,6,59.49,356.94
1215,2024-01-28,Pen Pack,Stationery,North,Customer 45,5,8.02,40.1
1216,2024-01-29,Desk Lamp,Furniture,East,Customer 7,2,45.49,90.98
1217,2024-01-29,Webcam HD,Electronics,East,Customer 4,3,72.53,217.59
1218,2024-01-29,Notebook Set,Stationery,West,Customer 6,3,11.37,34.11
1219,2024-01-29,Webcam HD,Electronics,North,Customer 4,2,74.23,148.46
1220,2024-01-29,Desk Lamp,Furniture,South,Customer 5,2,51.62,103.24
1221,2024-01-29,Whiteboard,Stationery,South,Customer 22,2,62.8,125.6
1222,2024-01-29,USB-C Hub,Electronics,South,Customer 9,5,36.03,180.15
1223,2024-01-29,Whiteboard,Stationery,North,Customer 9,3,65.98,197.94
1224,2024-01-29,Wireless Mouse,Electronics,East,Customer 2,3,27.44,82.32
1225,2024-01-29,USB-C Hub,Electronics,Central,Customer 8,3,36.52,109.56
1226,2024-01-30,Filing Cabinet,Furniture,Central,Customer 38,1,152.86,152.86
1227,2024-01-30,Mechanical Keyboard,Electronics,North,Customer 47,4,87.21,348.84
1228,2024-01-30,Webcam HD,Electronics,North,Customer 4,5,68.28,341.4
1229,2024-01-30,Pen Pack,Stationery,West,Customer 5,4,8.05,32.2
1230,2024-01-30,Mechanical Keyboard,Electronics,East,Customer 40,3,89.43,268.29
1231,2024-01-30,Webcam HD,Electronics,Central,Customer 34,5,72.6,363.0
1232,2024-01-30,Standing Desk,Furniture,North,Customer 55,4,359.24,1436.96
1233,2024-01-30,Webcam HD,Electronics,South,Customer 28,6,78.36,470.16
1234,2024-01-30,Pen Pack,Stationery,West,Customer 27,2,8.03,16.06
1235,2024-01-30,Filing Cabinet,Furniture,East,Customer 24,1,146.72,146.72
1236,2024-01-30,USB-C Hub,Electronics,North,Customer 6,6,45.23,271.38
1237,2024-01-30,Notebook Set,Stationery,South,Customer 36,1,13.03,13.03
1238,2024-01-30,Wireless Mouse,Electronics,North,Customer 27,5,28.48,142.4
1239,2024-01-30,Desk Lamp,Furniture,North,Customer 19,6,51.09,306.54
1240,2024-01-31,Bluetooth Speaker,Electronics,South,Customer 10,3,54.34,163.02
1241,2024-01-31,Webcam HD,Electronics,Central,Customer 24,4,66.92,267.68
1242,2024-01-31,Mechanical Keyboard,Electronics,Central,Customer 50,3,88.7,266.1
1243,2024-01-31,Bluetooth Speaker,Electronics,Central,Customer 60,5,58.78,293.9
1244,2024-01-31,Webcam HD,Electronics,East,Customer 59,6,67.68,406.08
1245,2024-01-31,Desk Lamp,Furniture,Central,Customer 43,3,40.57,121.71
1246,2024-01-31,Notebook Set,Stationery,North,Customer 6,1,11.23,11.23
1247,2024-01-31,Filing Cabinet,Furniture,East,Customer 11,5,143.07,715.35
1248,2024-01-31,Desk Lamp,Furniture,Central,Customer 39,3,48.62,145.86
1249,2024-01-31,Mechanical Keyboard,Electronics,North,Customer 44,1,79.81,79.81
1250,2024-01-31,Mechanical Keyboard,Electronics,Central,Customer 29,3,85.92,257.76
1251,2024-01-31,Notebook Set,Stationery,East,Customer 28,3,11.45,34.35
1252,2024-01-31,Mechanical Keyboard,Electronics,Central,Customer 43,3,90.91,272.73
1253,2024-01-31,Standing Desk,Furniture,North,Customer 1,1,334.3,334.3
1254,2024-01-31,Office Chair,Furniture,East,Customer 19,3,204.54,613.62
1255,2024-02-01,Desk Lamp,Furniture,South,Customer 9,1,40.59,40.59
1256,2024-02-01,Notebook Set,Stationery,East,Customer 5,5,12.91,64.55
1257,2024-02-01,Notebook Set,Stationery,North,Customer 56,6,10.93,65.58
1258,2024-02-01,Desk Lamp,Furniture,West,Customer 19,5,45.33,226.65
1259,2024-02-01,Mechanical Keyboard,Electronics,Central,Customer 30,4,76.94,307.76
1260,2024-02-02,Filing Cabinet,Furniture,South,Customer 28,3,138.3,414.9
1261,2024-02-02,Bluetooth Speaker,Electronics,East,Customer 48,4,56.7,226.8
1262,2024-02-02,Desk Lamp,Furniture,Central,Customer 41,2,44.25,88.5
1263,2024-02-02,Mechanical Keyboard,Electronics,East,Customer 23,5,87.34,436.7
1264,2024-02-02,Filing Cabinet,Furniture,South,Customer 17,6,165.56,993.36
1265,2024-02-02,Office Chair,Furniture,North,Customer 12,2,189.11,378.22
1266,2024-02-02,Webcam HD,Electronics,Central,Customer 29,4,71.12,284.48
1267,2024-02-02,Webcam HD,Electronics,East,Customer 56,5,74.25,371.25
1268,2024-02-03,Webcam HD,Electronics,West,Customer 41,3,65.64,196.92
1269,2024-02-03,Standing Desk,Furniture,North,Customer 20,3,366.75,1100.25
1270,2024-02-03,Pen Pack,Stationery,East,Customer 5,4,7.28,29.12
1271,2024-02-03,Webcam HD,Electronics,West,Customer 38,1,73.76,73.76
1272,2024-02-03,Whiteboard,Stationery,Central,Customer 42,6,67.44,404.64
1273,2024-02-03,Office Chair,Furniture,North,Customer 29,3,189.23,567.69
1274,2024-02-03,Mechanical Keyboard,Electronics,South,Customer 3,3,97.38,292.14
1275,2024-02-03,Office Chair,Furniture,Central,Customer 40,6,181.7,1090.2
1276,2024-02-03,USB-C Hub,Electronics,West,Customer 50,3,39.73,119.19
1277,2024-02-03,Desk Lamp,Furniture,East,Customer 5,6,47.23,283.38
1278,2024-02-04,Desk Lamp,Furniture,East,Customer 47,1,46.78,46.78
1279,2024-02-04,Webcam HD,Electronics,Central,Customer 43,5,78.28,391.4
1280,2024-02-04,USB-C Hub,Electronics,West,Customer 9,3,39.1,117.3
1281,2024-02-04,Bluetooth Speaker,Electronics,West,Customer 42,6,62.4,374.4
1282,2024-02-04,Desk Lamp,Furniture,Central,Customer 6,2,48.04,96.08
1283,2024-02-04,Webcam HD,Electronics,East,Customer 20,6,70.41,422.46
1284,2024-02-05,USB-C Hub,Electronics,South,Customer 15,2,39.42,78.84
1285,2024-02-05,USB-C Hub,Electronics,North,Customer 33,2,36.77,73.54
1286,2024-02-05,Whiteboard,Stationery,East,Customer 57,6,67.26,403.56
1287,2024-02-05,Bluetooth Speaker,Electronics,South,Customer 54,2,57.71,115.42
1288,2024-02-05,Filing Cabinet,Furniture,West,Customer 3,5,165.34,826.7
1289,2024-02-05,Notebook Set,Stationery,West,Customer 40,3,12.83,38.49
1290,2024-02-05,Standing Desk,Furniture,South,Customer 20,6,383.58,2301.48
1291,2024-02-05,Pen Pack,Stationery,West,Customer 30,2,7.94,15.88
1292,2024-02-05,Standing Desk,Furniture,South,Customer 53,4,359.0,1436.0
1293,2024-02-05,Office Chair,Furniture,West,Customer 56,5,168.23,841.15
1294,2024-02-05,Desk Lamp,Furniture,Central,Customer 55,5,51.01,255.05
1295,2024-02-05,Mechanical Keyboard,Electronics,West,Customer 58,3,78.28,234.84
1296,2024-02-05,Whiteboard,Stationery,South,Customer 53,2,66.47,132.94
1297,2024-02-06,Pen Pack,Stationery,West,Customer 33,3,9.06,27.18
1298,2024-02-06,Desk Lamp,Furniture,South,Customer 2,2,44.84,89.68
1299,2024-02-06,Desk Lamp,Furniture,South,Customer 9,1,49.94,49.94
1300,2024-02-06,Wireless Mouse,Electronics,South,Customer 49,3,28.23,84.69
1301,2024-02-06,Filing Cabinet,Furniture,North,Customer 17,45,151.82,6831.9
1302,2024-02-06,Office Chair,Furniture,Central,Customer 28,2,186.7,373.4
1303,2024-02-07,Mechanical Keyboard,Electronics,South,Customer 27,3,81.55,244.65
1304,2024-02-07,Webcam HD,Electronics,West,Customer 39,5,71.0,355.0
1305,2024-02-07,Whiteboard,Stationery,South,Customer 19,1,63.48,63.48
1306,2024-02-07,Notebook Set,Stationery,West,Customer 12,1,12.64,12.64
1307,2024-02-07,Webcam HD,Electronics,North,Customer 34,6,64.5,387.0
1308,2024-02-07,Whiteboard,Stationery,North,Customer 25,5,65.8,329.0
1309,2024-02-07,Pen Pack,Stationery,East,Customer 48,1,8.47,8.47
1310,2024-02-07,Wireless Mouse,Electronics,North,Customer 50,3,27.43,82.29
1311,2024-02-08,Bluetooth Speaker,Electronics,East,Customer 35,6,59.9,359.4
1312,2024-02-08,Desk Lamp,Furniture,West,Customer 45,6,42.47,254.82
1313,2024-02-08,Pen Pack,Stationery,West,Customer 3,6,7.56,45.36
1314,2024-02-08,Standing Desk,Furniture,North,Customer 21,2,318.83,637.66
1315,2024-02-08,Standing Desk,Furniture,West,Customer 17,5,349.84,1749.2
1316,2024-02-08,Wireless Mouse,Electronics,North,Customer 56,6,23.69,142.14
1317,2024-02-08,Webcam HD,Electronics,West,Customer 57,3,67.78,203.34
1318,2024-02-09,Notebook Set,Stationery,East,Customer 12,6,12.12,72.72
1319,2024-02-09,Pen Pack,Stationery,Central,Customer 18,6,8.2,49.2
1320,2024-02-09,Mechanical Keyboard,Electronics,South,Customer 35,6,85.52,513.12
1321,2024-02-09,Standing Desk,Furniture,East,Customer 20,3,323.98,971.94
1322,2024-02-09,Pen Pack,Stationery,West,Customer 23,5,8.64,43.2
1323,2024-02-09,Pen Pack,Stationery,Central,Customer 28,1,8.65,8.65
1324,2024-02-09,Standing Desk,Furniture,North,Customer 43,6,400.75,2404.5
1325,2024-02-09,Webcam HD,Electronics,South,Customer 2,4,69.36,277.44
1326,2024-02-09,USB-C Hub,Electronics,South,Customer 5,5,42.78,213.9
1327,2024-02-09,Office Chair,Furniture,Central,Customer 3,6,178.48,1070.88
1328,2024-02-09,Bluetooth Speaker,Electronics,East,Customer 29,2,58.84,117.68
1329,2024-02-09,Mechanical Keyboard,Electronics,East,Customer 42,5,79.43,397.15
1330,2024-02-09,Standing Desk,Furniture,South,Customer 32,2,399.05,798.1
1331,2024-02-10,Whiteboard,Stationery,East,Customer 46,4,67.7,270.8
1332,2024-02-10,Pen Pack,Stationery,West,Customer 13,2,9.19,18.38
1333,2024-02-10,Mechanical Keyboard,Electronics,West,Customer 6,2,94.62,189.24
1334,2024-02-11,Webcam HD,Electronics,Central,Customer 35,3,74.69,224.07
1335,2024-02-11,Standing Desk,Furniture,South,Customer 51,3,389.49,1168.47
1336,2024-02-11,Desk Lamp,Furniture,South,Customer 16,5,43.02,215.1
1337,2024-02-11,Pen Pack,Stationery,West,Customer 52,1,7.92,7.92
1338,2024-02-11,Whiteboard,Stationery,East,Customer 26,2,63.18,126.36
1339,2024-02-12,Filing Cabinet,Furniture,West,Customer 53,6,152.95,917.7
1340,2024-02-12,Bluetooth Speaker,Electronics,North,Customer 29,1,51.22,51.22
1341,2024-02-12,Pen Pack,Stationery,Central,Customer 41,6,8.23,49.38
1342,2024-02-12,Bluetooth Speaker,Electronics,Central,Customer 59,2,60.06,120.12
1343,2024-02-12,Wireless Mouse,Electronics,South,Customer 21,1,25.74,25.74
1344,2024-02-12,Filing Cabinet,Furniture,East,Customer 55,2,147.98,295.96
1345,2024-02-12,Mechanical Keyboard,Electronics,East,Customer 9,3,80.67,242.01
1346,2024-02-12,Webcam HD,Electronics,South,Customer 38,3,73.75,221.25
1347,2024-02-12,Bluetooth Speaker,Electronics,Central,Customer 22,2,51.85,103.7
1348,2024-02-12,Bluetooth Speaker,Electronics,North,Customer 42,1,60.85,60.85
1349,2024-02-12,Bluetooth Speaker,Electronics,West,Customer 40,3,58.45,175.35
1350,2024-02-12,Webcam HD,Electronics,East,Customer 42,1,71.72,71.72
1351,2024-02-12,Standing Desk,Furniture,West,Customer 20,4,336.43,1345.72
1352,2024-02-12,Pen Pack,Stationery,West,Customer 31,1,8.58,8.58
1353,2024-02-12,Pen Pack,Stationery,East,Customer 47,2,7.88,15.76
1354,2024-02-12,Desk Lamp,Furniture,Central,Customer 7,4,41.97,167.88
1355,2024-02-12,Desk Lamp,Furniture,South,Customer 10,2,45.75,91.5
1356,2024-02-12,Mechanical Keyboard,Electronics,Central,Customer 27,1,82.67,82.67
1357,2024-02-12,Office Chair,Furniture,East,Customer 13,2,198.61,397.22
1358,2024-02-13,USB-C Hub,Electronics,East,Customer 32,4,45.96,183.84
1359,2024-02-13,Wireless Mouse,Electronics,South,Customer 14,1,28.41,28.41
1360,2024-02-13,Bluetooth Speaker,Electronics,Central,Customer 57,3,50.17,150.51
1361,2024-02-13,Webcam HD,Electronics,North,Customer 28,6,71.24,427.44
1362,2024-02-13,USB-C Hub,Electronics,East,Customer 3,3,43.28,129.84
1363,2024-02-13,Notebook Set,Stationery,Central,Customer 19,1,12.51,12.51
1364,2024-02-13,Mechanical Keyboard,Electronics,East,Customer 53,4,87.22,348.88
1365,2024-02-13,Bluetooth Speaker,Electronics,North,Customer 26,6,57.9,347.4
1366,2024-02-14,Desk Lamp,Furniture,South,Customer 13,3,46.78,140.34
1367,2024-02-14,Bluetooth Speaker,Electronics,North,Customer 9,5,55.02,275.1
1368,2024-02-14,Filing Cabinet,Furniture,South,Customer 39,3,165.15,495.45
1369,2024-02-14,Whiteboard,Stationery,South,Customer 26,2,58.92,117.84
1370,2024-02-14,Bluetooth Speaker,Electronics,Central,Customer 54,6,61.09,366.54
1371,2024-02-14,Whiteboard,Stationery,West,Customer 53,5,61.35,306.75
1372,2024-02-14,Wireless Mouse,Electronics,West,Customer 38,3,24.57,73.71
1373,2024-02-14,Standing Desk,Furniture,Central,Customer 31,6,391.31,2347.86
1374,2024-02-14,Standing Desk,Furniture,Central,Customer 15,6,383.5,2301.0
1375,2024-02-14,Filing Cabinet,Furniture,Central,Customer 50,1,156.88,156.88
1376,2024-02-14,Notebook Set,Stationery,Central,Customer 45,2,13.26,26.52
1377,2024-02-14,Mechanical Keyboard,Electronics,South,Customer 27,2,76.9,153.8
1378,2024-02-14,Filing Cabinet,Furniture,West,Customer 56,2,150.39,300.78
1379,2024-02-14,Filing Cabinet,Furniture,South,Customer 36,6,137.34,824.04
1380,2024-02-15,Desk Lamp,Furniture,South,Customer 30,6,45.88,275.28
1381,2024-02-15,Whiteboard,Stationery,East,Customer 40,3,62.19,186.57
1382,2024-02-15,Pen Pack,Stationery,East,Customer 15,2,9.11,18.22
1383,2024-02-15,Standing Desk,Furniture,West,Customer 21,3,376.68,1130.04
1384,2024-02-15,Pen Pack,Stationery,East,Customer 19,3,8.32,24.96
1385,2024-02-15,Mechanical Keyboard,Electronics,West,Customer 53,5,90.88,454.4
1386,2024-02-15,Desk Lamp,Furniture,North,Customer 23,2,43.77,87.54
1387,2024-02-15,Pen Pack,Stationery,South,Customer 53,6,7.71,46.26
1388,2024-02-15,Whiteboard,Stationery,South,Customer 7,3,68.0,204.0
1389,2024-02-16,Bluetooth Speaker,Electronics,Central,Customer 15,6,57.57,345.42
1390,2024-02-16,Webcam HD,Electronics,West,Customer 7,2,63.92,127.84
1391,2024-02-16,Webcam HD,Electronics,South,Customer 27,2,63.09,126.18
1392,2024-02-16,Webcam HD,Electronics,East,Customer 21,4,71.36,285.44
1393,2024-02-16,Standing Desk,Furniture,Central,Customer 15,6,320.18,1921.08
1394,2024-02-16,Whiteboard,Stationery,South,Customer 27,6,64.85,389.1
1395,2024-02-16,USB-C Hub,Electronics,West,Customer 12,1,45.97,45.97
1396,2024-02-16,Filing Cabinet,Furniture,Central,Customer 39,3,167.88,503.64
1397,2024-02-17,Mechanical Keyboard,Electronics,Central,Customer 34,3,82.55,247.65
1398,2024-02-17,Pen Pack,Stationery,South,Customer 52,2,8.9,17.8
1399,2024-02-17,Mechanical Keyboard,Electronics,East,Customer 46,3,79.95,239.85
1400,2024-02-17,USB-C Hub,Electronics,Central,Customer 44,1,43.37,43.37
1401,2024-02-17,Office Chair,Furniture,West,Customer 53,2,189.49,378.98
1402,2024-02-17,Notebook Set,Stationery,North,Customer 12,5,11.78,58.9
1403,2024-02-17,USB-C Hub,Electronics,East,Customer 25,4,39.24,156.96
1404,2024-02-17,Office Chair,Furniture,East,Customer 38,4,195.92,783.68
1405,2024-02-17,Filing Cabinet,Furniture,South,Customer 4,5,135.43,677.15
1406,2024-02-17,Webcam HD,Electronics,Central,Customer 60,1,71.14,71.14
1407,2024-02-17,Filing Cabinet,Furniture,East,Customer 24,3,160.89,482.67
1408,2024-02-18,Bluetooth Speaker,Electronics,South,Customer 30,2,52.51,105.02
1409,2024-02-18,Filing Cabinet,Furniture,West,Customer 49,5,149.01,745.05
1410,2024-02-18,Whiteboard,Stationery,Central,Customer 56,6,66.38,398.28
1411,2024-02-19,Mechanical Keyboard,Electronics,North,Customer 59,5,85.99,429.95
1412,2024-02-19,Bluetooth Speaker,Electronics,Central,Customer 13,1,50.35,50.35
1413,2024-02-19,Bluetooth Speaker,Electronics,Central,Customer 29,5,51.56,257.8
1414,2024-02-19,Mechanical Keyboard,Electronics,North,Customer 58,6,80.86,485.16
1415,2024-02-19,Whiteboard,Stationery,Central,Customer 27,4,66.13,264.52
1416,2024-02-19,Pen Pack,Stationery,East,Customer 47,5,7.32,36.6
1417,2024-02-19,Wireless Mouse,Electronics,Central,Customer 5,53,24.09,1276.77
1418,2024-02-19,Wireless Mouse,Electronics,North,Customer 60,4,24.65,98.6
1419,2024-02-19,Mechanical Keyboard,Electronics,South,Customer 50,4,77.17,308.68
1420,2024-02-19,Webcam HD,Electronics,West,Customer 29,6,74.3,445.8
1421,2024-02-20,Notebook Set,Stationery,Central,Customer 9,4,11.04,44.16
1422,2024-02-20,Webcam HD,Electronics,West,Customer 34,3,65.08,195.24
1423,2024-02-20,USB-C Hub,Electronics,North,Customer 20,6,45.79,274.74
1424,2024-02-20,Pen Pack,Stationery,West,Customer 53,6,8.64,51.84
1425,2024-02-20,Office Chair,Furniture,South,Customer 60,2,182.73,365.46
1426,2024-02-20,Filing Cabinet,Furniture,Central,Customer 50,1,136.21,136.21
1427,2024-02-20,Wireless Mouse,Electronics,North,Customer 29,2,23.79,47.58
1428,2024-02-20,Bluetooth Speaker,Electronics,North,Customer 26,6,59.17,355.02
1429,2024-02-20,Pen Pack,Stationery,North,Customer 9,2,8.28,16.56
1430,2024-02-20,Whiteboard,Stationery,Central,Customer 21,3,57.51,172.53
1431,2024-02-20,Bluetooth Speaker,Electronics,South,Customer 20,5,60.12,300.6
1432,2024-02-20,USB-C Hub,Electronics,East,Customer 4,6,41.21,247.26
1433,2024-02-20,Whiteboard,Stationery,West,Customer 36,5,67.2,336.0
1434,2024-02-21,Pen Pack,Stationery,West,Customer 51,1,9.14,9.14
1435,2024-02-21,Whiteboard,Stationery,East,Customer 25,3,64.44,193.32
1436,2024-02-21,USB-C Hub,Electronics,East,Customer 55,5,40.74,203.7
1437,2024-02-21,Filing Cabinet,Furniture,Central,Customer 27,2,165.22,330.44
1438,2024-02-21,Notebook Set,Stationery,East,Customer 14,5,12.39,61.95
1439,2024-02-21,Desk Lamp,Furniture,East,Customer 6,6,41.39,248.34
1440,2024-02-21,Whiteboard,Stationery,West,Customer 44,6,66.44,398.64
1441,2024-02-21,Bluetooth Speaker,Electronics,Central,Customer 47,5,50.04,250.2
1442,2024-02-21,Webcam HD,Electronics,East,Customer 20,5,66.8,334.0
1443,2024-02-21,Wireless Mouse,Electronics,North,Customer 48,2,28.36,56.72
1444,2024-02-22,Pen Pack,Stationery,West,Customer 59,2,8.59,17.18
1445,2024-02-22,Office Chair,Furniture,West,Customer 35,5,176.47,882.35
1446,2024-02-22,Webcam HD,Electronics,West,Customer 30,3,68.4,205.2
1447,2024-02-22,Mechanical Keyboard,Electronics,South,Customer 24,6,86.48,518.88
1448,2024-02-22,Desk Lamp,Furniture,South,Customer 2,4,41.01,164.04
1449,2024-02-22,Standing Desk,Furniture,West,Customer 19,5,396.79,1983.95
1450,2024-02-22,USB-C Hub,Electronics,South,Customer 32,2,39.3,78.6
1451,2024-02-22,Whiteboard,Stationery,West,Customer 47,6,68.15,408.9
1452,2024-02-22,Webcam HD,Electronics,East,Customer 11,6,71.59,429.54
1453,2024-02-22,USB-C Hub,Electronics,Central,Customer 42,6,41.47,248.82
1454,2024-02-22,Wireless Mouse,Electronics,North,Customer 49,5,22.71,113.55
1455,2024-02-22,Wireless Mouse,Electronics,North,Customer 46,4,23.36,93.44
1456,2024-02-22,USB-C Hub,Electronics,North,Customer 40,1,38.19,38.19
1457,2024-02-22,Webcam HD,Electronics,West,Customer 2,6,79.34,476.04
1458,2024-02-22,Wireless Mouse,Electronics,Central,Customer 47,5,25.95,129.75
1459,2024-02-22,Standing Desk,Furniture,West,Customer 52,5,400.53,2002.65
1460,2024-02-22,USB-C Hub,Electronics,South,Customer 13,1,45.18,45.18
1461,2024-02-22,Bluetooth Speaker,Electronics,West,Customer 6,5,52.97,264.85
1462,2024-02-23,Desk Lamp,Furniture,South,Customer 20,4,45.66,182.64
1463,2024-02-23,Webcam HD,Electronics,North,Customer 6,1,74.44,74.44
1464,2024-02-23,Notebook Set,Stationery,North,Customer 45,4,11.93,47.72
1465,2024-02-23,USB-C Hub,Electronics,East,Customer 37,1,41.0,41.0
1466,2024-02-23,Mechanical Keyboard,Electronics,Central,Customer 31,5,96.03,480.15
1467,2024-02-23,Standing Desk,Furniture,East,Customer 58,1,395.86,395.86
1468,2024-02-23,Whiteboard,Stationery,East,Customer 2,5,63.87,319.35
1469,2024-02-23,Office Chair,Furniture,West,Customer 60,5,168.49,842.45
1470,2024-02-23,Mechanical Keyboard,Electronics,West,Customer 44,3,79.95,239.85
1471,2024-02-23,Whiteboard,Stationery,North,Customer 33,3,59.76,179.28
1472,2024-02-23,Filing Cabinet,Furniture,North,Customer 22,3,137.01,411.03
1473,2024-02-24,Bluetooth Speaker,Electronics,East,Customer 2,5,62.63,313.15
1474,2024-02-24,Webcam HD,Electronics,South,Customer 23,3,76.71,230.13
1475,2024-02-24,Whiteboard,Stationery,West,Customer 6,4,60.48,241.92
1476,2024-02-24,Bluetooth Speaker,Electronics,North,Customer 18,3,60.47,181.41
1477,2024-02-24,USB-C Hub,Electronics,West,Customer 21,4,43.12,172.48
1478,2024-02-24,Desk Lamp,Furniture,West,Customer 24,1,41.53,41.53
1479,2024-02-24,Standing Desk,Furniture,West,Customer 36,1,326.59,326.59
1480,2024-02-24,Whiteboard,Stationery,East,Customer 36,5,60.12,300.6
1481,2024-02-24,Mechanical Keyboard,Electronics,West,Customer 1,5,89.21,446.05
1482,2024-02-24,Standing Desk,Furniture,Central,Customer 58,4,348.93,1395.72
1483,2024-02-24,Office Chair,Furniture,South,Customer 9,5,185.45,927.25
1484,2024-02-24,Standing Desk,Furniture,South,Customer 28,3,338.49,1015.47
1485,2024-02-25,Standing Desk,Furniture,East,Customer 17,4,341.23,1364.92
1486,2024-02-25,Office Chair,Furniture,South,Customer 30,6,190.13,1140.78
1487,2024-02-25,Mechanical Keyboard,Electronics,East,Customer 54,2,82.97,165.94
1488,2024-02-25,Bluetooth Speaker,Electronics,East,Customer 28,4,60.56,242.24
1489,2024-02-25,Webcam HD,Electronics,South,Customer 31,5,65.38,326.9
1490,2024-02-25,Desk Lamp,Furniture,East,Customer 48,2,51.35,102.7
1491,2024-02-25,Filing Cabinet,Furniture,South,Customer 21,6,153.41,920.46
1492,2024-02-25,Notebook Set,Stationery,North,Customer 60,3,13.25,39.75
1493,2024-02-25,Bluetooth Speaker,Electronics,Central,Customer 2,2,57.64,115.28
1494,2024-02-25,Filing Cabinet,Furniture,East,Customer 54,4,170.36,681.44
1495,2024-02-25,Filing Cabinet,Furniture,West,Customer 44,1,165.71,165.71
1496,2024-02-25,Pen Pack,Stationery,South,Customer 46,2,8.47,16.94
1497,2024-02-26,Notebook Set,Stationery,West,Customer 38,4,11.02,44.08
1498,2024-02-26,Notebook Set,Stationery,West,Customer 35,5,12.32,61.6
1499,2024-02-26,Wireless Mouse,Electronics,Central,Customer 41,3,26.89,80.67
1500,2024-02-26,Mechanical Keyboard,Electronics,East,Customer 11,1,92.84,92.84
1501,2024-02-26,Webcam HD,Electronics,West,Customer 49,5,63.78,318.9
1502,2024-02-26,Desk Lamp,Furniture,South,Customer 33,4,41.69,166.76
1503,2024-02-26,Filing Cabinet,Furniture,South,Customer 29,5,155.92,779.6
1504,2024-02-26,Desk Lamp,Furniture,Central,Customer 10,4,45.71,182.84
1505,2024-02-26,Desk Lamp,Furniture,North,Customer 8,1,45.93,45.93
1506,2024-02-27,Filing Cabinet,Furniture,South,Customer 34,2,148.06,296.12
1507,2024-02-27,Pen Pack,Stationery,West,Customer 21,3,8.15,24.45
1508,2024-02-27,Mechanical Keyboard,Electronics,North,Customer 55,3,77.45,232.35
1509,2024-02-27,Desk Lamp,Furniture,South,Customer 34,6,41.73,250.38
1510,2024-02-27,USB-C Hub,Electronics,West,Customer 15,5,37.6,188.0
1511,2024-02-27,Notebook Set,Stationery,West,Customer 26,6,11.35,68.1
1512,2024-02-27,Wireless Mouse,Electronics,Central,Customer 28,6,26.34,158.04
1513,2024-02-27,Notebook Set,Stationery,North,Customer 37,1,12.91,12.91
1514,2024-02-27,Mechanical Keyboard,Electronics,West,Customer 8,5,80.47,402.35
1515,2024-02-28,Standing Desk,Furniture,East,Customer 39,6,390.48,2342.88
1516,2024-02-28,Notebook Set,Stationery,East,Customer 55,5,11.98,59.9
1517,2024-02-28,Pen Pack,Stationery,East,Customer 59,5,7.55,37.75
1518,2024-02-28,Bluetooth Speaker,Electronics,North,Customer 16,5,50.67,253.35
1519,2024-02-28,Standing Desk,Furniture,Central,Customer 25,1,331.02,331.02
1520,2024-02-28,Notebook Set,Stationery,South,Customer 32,5,11.21,56.05
1521,2024-02-28,Webcam HD,Electronics,South,Customer 36,5,75.14,375.7
1522,2024-02-28,USB-C Hub,Electronics,West,Customer 40,4,38.89,155.56
1523,2024-02-28,Wireless Mouse,Electronics,South,Customer 53,3,28.45,85.35
1524,2024-02-28,Notebook Set,Stationery,West,Customer 27,5,12.32,61.6
1525,2024-02-28,Filing Cabinet,Furniture,North,Customer 51,4,153.33,613.32
1526,2024-02-28,Office Chair,Furniture,East,Customer 11,3,163.47,490.41
1527,2024-02-28,Pen Pack,Stationery,Central,Customer 33,5,8.69,43.45
1528,2024-02-29,Mechanical Keyboard,Electronics,East,Customer 35,5,78.93,394.65
1529,2024-02-29,Wireless Mouse,Electronics,West,Customer 7,6,25.26,151.56
1530,2024-02-29,Filing Cabinet,Furniture,North,Customer 29,6,163.18,979.08
1531,2024-02-29,Standing Desk,Furniture,North,Customer 50,3,390.44,1171.32
1532,2024-02-29,Office Chair,Furniture,East,Customer 56,2,198.48,396.96
1533,2024-03-01,Filing Cabinet,Furniture,South,Customer 51,5,158.73,793.65
1534,2024-03-01,Office Chair,Furniture,Central,Customer 18,2,198.24,396.48
1535,2024-03-01,Bluetooth Speaker,Electronics,East,Customer 19,5,51.82,259.1
1536,2024-03-01,Bluetooth Speaker,Electronics,North,Customer 9,3,62.6,187.8
1537,2024-03-01,Notebook Set,Stationery,South,Customer 45,1,13.78,13.78
1538,2024-03-01,USB-C Hub,Electronics,South,Customer 49,2,37.46,74.92
1539,2024-03-01,Webcam HD,Electronics,East,Customer 41,4,71.57,286.28
1540,2024-03-02,Notebook Set,Stationery,North,Customer 26,4,12.16,48.64
1541,2024-03-02,Whiteboard,Stationery,East,Customer 30,6,58.17,349.02
1542,2024-03-02,Pen Pack,Stationery,North,Customer 47,3,8.36,25.08
1543,2024-03-02,Pen Pack,Stationery,North,Customer 51,6,8.53,51.18
1544,2024-03-03,Whiteboard,Stationery,South,Customer 32,4,57.27,229.08
1545,2024-03-03,Standing Desk,Furniture,Central,Customer 9,3,387.48,1162.44
1546,2024-03-03,Bluetooth Speaker,Electronics,North,Customer 3,4,60.34,241.36
1547,2024-03-03,Mechanical Keyboard,Electronics,North,Customer 60,6,93.16,558.96
1548,2024-03-03,USB-C Hub,Electronics,West,Customer 13,4,40.57,162.28
1549,2024-03-03,Filing Cabinet,Furniture,East,Customer 6,2,168.08,336.16
1550,2024-03-03,Webcam HD,Electronics,South,Customer 4,3,67.38,202.14
1551,2024-03-04,Notebook Set,Stationery,South,Customer 28,6,11.72,70.32
1552,2024-03-04,Webcam HD,Electronics,North,Customer 9,70,75.31,5271.7
1553,2024-03-04,Bluetooth Speaker,Electronics,North,Customer 45,2,56.64,113.28
1554,2024-03-04,Desk Lamp,Furniture,South,Customer 31,1,51.62,51.62
1555,2024-03-04,Mechanical Keyboard,Electronics,North,Customer 7,2,84.64,169.28
1556,2024-03-04,Desk Lamp,Furniture,South,Customer 42,3,50.41,151.23
1557,2024-03-04,Webcam HD,Electronics,Central,Customer 42,2,64.2,128.4
1558,2024-03-04,USB-C Hub,Electronics,South,Customer 59,4,39.51,158.04
1559,2024-03-04,Notebook Set,Stationery,North,Customer 58,5,12.86,64.3
1560,2024-03-05,Mechanical Keyboard,Electronics,West,Customer 23,2,92.49,184.98
1561,2024-03-05,Notebook Set,Stationery,North,Customer 16,3,13.17,39.51
1562,2024-03-05,Whiteboard,Stationery,North,Customer 55,5,63.0,315.0
1563,2024-03-05,Webcam HD,Electronics,South,Customer 48,3,66.6,199.8
1564,2024-03-05,Notebook Set,Stationery,South,Customer 32,3,12.74,38.22
1565,2024-03-05,Notebook Set,Stationery,North,Customer 34,1,11.52,11.52
1566,2024-03-05,Wireless Mouse,Electronics,Central,Customer 27,3,28.34,85.02
1567,2024-03-05,Desk Lamp,Furniture,North,Customer 2,5,48.18,240.9
1568,2024-03-05,Bluetooth Speaker,Electronics,North,Customer 51,1,49.69,49.69
1569,2024-03-05,Notebook Set,Stationery,West,Customer 28,5,11.66,58.3
1570,2024-03-06,Filing Cabinet,Furniture,Central,Customer 10,4,138.09,552.36
1571,2024-03-06,Standing Desk,Furniture,South,Customer 52,1,342.12,342.12
1572,2024-03-06,USB-C Hub,Electronics,North,Customer 20,5,39.27,196.35
1573,2024-03-06,Filing Cabinet,Furniture,North,Customer 16,4,162.37,649.48
1574,2024-03-06,Mechanical Keyboard,Electronics,North,Customer 20,4,78.96,315.84
1575,2024-03-06,Webcam HD,Electronics,North,Customer 46,6,74.52,447.12
1576,2024-03-07,USB-C Hub,Electronics,East,Customer 34,6,36.11,216.66
1577,2024-03-07,Whiteboard,Stationery,East,Customer 47,6,57.89,347.34
1578,2024-03-07,Mechanical Keyboard,Electronics,Central,Customer 5,1,83.62,83.62
1579,2024-03-07,Standing Desk,Furniture,West,Customer 30,6,400.32,2401.92
1580,2024-03-07,Whiteboard,Stationery,South,Customer 24,3,54.83,164.49
1581,2024-03-07,USB-C Hub,Electronics,North,Customer 15,3,43.73,131.19
1582,2024-03-07,Filing Cabinet,Furniture,North,Customer 16,5,135.1,675.5
1583,2024-03-07,Wireless Mouse,Electronics,South,Customer 60,4,24.77,99.08
1584,2024-03-07,Wireless Mouse,Electronics,West,Customer 15,5,27.52,137.6
1585,2024-03-08,Desk Lamp,Furniture,East,Customer 53,2,45.18,90.36
1586,2024-03-08,Mechanical Keyboard,Electronics,North,,5,84.42,422.1
1587,2024-03-08,Office Chair,Furniture,North,Customer 57,5,206.16,1030.8
1588,2024-03-08,Pen Pack,Stationery,North,Customer 36,3,8.75,26.25
1589,2024-03-08,Pen Pack,Stationery,East,Customer 48,1,7.94,7.94
1590,2024-03-08,Bluetooth Speaker,Electronics,West,Customer 50,2,55.88,111.76
1591,2024-03-08,Office Chair,Furniture,South,Customer 10,6,202.52,1215.12
1592,2024-03-08,Wireless Mouse,Electronics,North,Customer 22,4,22.65,90.6
1593,2024-03-08,Wireless Mouse,Electronics,East,Customer 7,6,24.85,149.1
1594,2024-03-08,Office Chair,Furniture,North,Customer 10,5,206.24,1031.2
1595,2024-03-08,Filing Cabinet,Furniture,Central,Customer 27,3,138.49,415.47
1596,2024-03-09,Filing Cabinet,Furniture,Central,Customer 7,3,152.19,456.57
1597,2024-03-09,Whiteboard,Stationery,Central,Customer 37,2,63.56,127.12
1598,2024-03-09,Wireless Mouse,Electronics,East,Customer 17,4,26.64,106.56
1599,2024-03-09,Desk Lamp,Furniture,East,Customer 29,4,48.38,193.52
1600,2024-03-10,Standing Desk,Furniture,Central,Customer 7,2,321.54,643.08
1601,2024-03-10,USB-C Hub,Electronics,West,Customer 8,1,37.64,37.64
1602,2024-03-10,Whiteboard,Stationery,East,Customer 30,3,68.47,205.41
1603,2024-03-10,Standing Desk,Furniture,East,Customer 53,1,322.91,322.91
1604,2024-03-10,Filing Cabinet,Furniture,East,Customer 10,6,157.62,945.72
1605,2024-03-10,Mechanical Keyboard,Electronics,Central,Customer 4,6,81.77,490.62
1606,2024-03-10,Webcam HD,Electronics,North,Customer 26,3,67.55,202.65
1607,2024-03-11,Pen Pack,Stationery,West,Customer 7,5,8.7,43.5
1608,2024-03-11,USB-C Hub,Electronics,South,Customer 9,1,36.12,36.12
1609,2024-03-11,Office Chair,Furniture,North,Customer 38,4,178.75,715.0
1610,2024-03-11,Bluetooth Speaker,Electronics,North,Customer 13,3,62.11,186.33
1611,2024-03-11,Webcam HD,Electronics,East,Customer 8,4,77.16,308.64
1612,2024-03-11,Wireless Mouse,Electronics,West,Customer 53,4,22.82,91.28
1613,2024-03-11,Filing Cabinet,Furniture,West,Customer 12,4,153.6,614.4
1614,2024-03-11,Desk Lamp,Furniture,West,Customer 57,2,50.72,101.44
1615,2024-03-11,USB-C Hub,Electronics,East,Customer 32,1,42.14,42.14
1616,2024-03-11,Notebook Set,Stationery,West,Customer 9,5,12.24,61.2
1617,2024-03-11,Notebook Set,Stationery,South,Customer 41,2,12.73,25.46
1618,2024-03-11,Whiteboard,Stationery,East,Customer 31,1,68.84,68.84
1619,2024-03-11,Whiteboard,Stationery,East,Customer 25,4,59.16,236.64
1620,2024-03-12,Standing Desk,Furniture,North,Customer 58,2,317.28,634.56
1621,2024-03-12,Standing Desk,Furniture,East,Customer 50,1,385.76,385.76
1622,2024-03-12,Bluetooth Speaker,Electronics,South,Customer 18,2,62.89,125.78
1623,2024-03-12,Whiteboard,Stationery,South,Customer 37,6,54.84,329.04
1624,2024-03-12,Notebook Set,Stationery,South,Customer 12,3,13.61,40.83
1625,2024-03-12,Office Chair,Furniture,East,Customer 59,5,176.31,881.55
1626,2024-03-12,Bluetooth Speaker,Electronics,Central,Customer 37,1,59.17,59.17
1627,2024-03-12,USB-C Hub,Electronics,West,Customer 35,5,45.48,227.4
1628,2024-03-13,Standing Desk,Furniture,South,Customer 39,2,357.91,715.82
1629,2024-03-13,Office Chair,Furniture,South,Customer 52,79,185.69,14669.51
1630,2024-03-13,USB-C Hub,Electronics,East,Customer 4,3,43.17,129.51
1631,2024-03-13,Wireless Mouse,Electronics,North,Customer 55,2,26.17,52.34
1632,2024-03-14,Whiteboard,Stationery,West,Customer 38,3,68.41,205.23
1633,2024-03-14,Mechanical Keyboard,Electronics,South,Customer 47,3,82.91,248.73
1634,2024-03-14,Notebook Set,Stationery,South,Customer 46,6,13.68,82.08
1635,2024-03-14,Whiteboard,Stationery,East,Customer 15,6,67.34,404.04
1636,2024-03-14,Webcam HD,Electronics,East,Customer 9,5,77.25,386.25
1637,2024-03-14,USB-C Hub,Electronics,Central,Customer 26,6,36.02,216.12
1638,2024-03-14,Bluetooth Speaker,Electronics,Central,Customer 15,1,52.0,52.0
1639,2024-03-14,Webcam HD,Electronics,East,Customer 48,5,64.82,324.1
1640,2024-03-14,Mechanical Keyboard,Electronics,North,Customer 53,2,83.87,167.74
1641,2024-03-14,Filing Cabinet,Furniture,West,Customer 1,6,158.97,953.82
1642,2024-03-14,Standing Desk,Furniture,East,Customer 51,2,336.83,673.66
1643,2024-03-14,Mechanical Keyboard,Electronics,West,Customer 11,6,76.53,459.18
1644,2024-03-14,Notebook Set,Stationery,West,Customer 7,4,13.45,53.8
1645,2024-03-14,Pen Pack,Stationery,South,Customer 29,5,8.5,42.5
1646,2024-03-14,Mechanical Keyboard,Electronics,North,Customer 5,1,82.77,82.77
1647,2024-03-15,Desk Lamp,Furniture,North,Customer 36,2,50.49,100.98
1648,2024-03-15,Mechanical Keyboard,Electronics,West,Customer 46,3,89.12,267.36
1649,2024-03-15,Wireless Mouse,Electronics,West,Customer 11,4,28.39,113.56
1650,2024-03-15,Wireless Mouse,Electronics,West,Customer 45,1,24.57,24.57
1651,2024-03-15,Whiteboard,Stationery,East,Customer 20,6,67.88,407.28
1652,2024-03-15,Office Chair,Furniture,West,Customer 10,1,164.23,164.23
1653,2024-03-15,Wireless Mouse,Electronics,Central,Customer 31,3,22.52,67.56
1654,2024-03-15,Office Chair,Furniture,East,Customer 6,1,163.16,163.16
1655,2024-03-16,Pen Pack,Stationery,West,Customer 58,1,7.82,7.82
1656,2024-03-16,Webcam HD,Electronics,South,Customer 24,3,64.59,193.77
1657,2024-03-16,Notebook Set,Stationery,West,Customer 30,3,11.36,34.08
1658,2024-03-16,Standing Desk,Furniture,South,Customer 49,2,388.24,776.48
1659,2024-03-16,Filing Cabinet,Furniture,Central,Customer 27,6,138.63,831.78
1660,2024-03-16,Bluetooth Speaker,Electronics,Central,Customer 27,2,57.11,114.22
1661,2024-03-16,Whiteboard,Stationery,South,Customer 31,6,67.0,402.0
1662,2024-03-16,Standing Desk,Furniture,North,Customer 33,1,349.55,349.55
1663,2024-03-16,Bluetooth Speaker,Electronics,Central,Customer 10,5,60.51,302.55
1664,2024-03-16,Mechanical Keyboard,Electronics,South,Customer 52,4,80.17,320.68
1665,2024-03-17,Office Chair,Furniture,West,Customer 13,2,163.92,327.84
1666,2024-03-17,Webcam HD,Electronics,North,Customer 6,2,77.6,155.2
1667,2024-03-17,Notebook Set,Stationery,East,Customer 34,5,11.99,59.95
1668,2024-03-17,Pen Pack,Stationery,Central,Customer 51,1,8.77,8.77
1669,2024-03-17,Notebook Set,Stationery,Central,Customer 38,1,12.04,12.04
1670,2024-03-17,Mechanical Keyboard,Electronics,East,Customer 56,1,88.46,88.46
1671,2024-03-17,Whiteboard,Stationery,West,Customer 37,3,67.17,201.51
1672,2024-03-17,Bluetooth Speaker,Electronics,South,Customer 40,4,50.02,200.08
1673,2024-03-17,Bluetooth Speaker,Electronics,East,Customer 45,6,59.04,354.24
1674,2024-03-18,Office Chair,Furniture,East,Customer 2,1,195.56,195.56
1675,2024-03-18,Desk Lamp,Furniture,North,Customer 56,3,44.0,132.0
1676,2024-03-18,Office Chair,Furniture,East,Customer 18,2,175.52,351.04
1677,2024-03-18,Filing Cabinet,Furniture,West,Customer 14,4,157.69,630.76
1678,2024-03-18,Notebook Set,Stationery,East,Customer 53,6,12.25,73.5
1679,2024-03-18,Wireless Mouse,Electronics,Central,Customer 26,5,27.45,137.25
1680,2024-03-18,USB-C Hub,Electronics,South,Customer 57,5,44.79,223.95
1681,2024-03-18,Office Chair,Furniture,East,Customer 46,1,173.23,173.23
1682,2024-03-18,Office Chair,Furniture,West,Customer 41,3,178.58,535.74
1683,2024-03-18,Mechanical Keyboard,Electronics,Central,Customer 29,6,77.15,462.9
1684,2024-03-18,USB-C Hub,Electronics,South,Customer 54,4,41.87,167.48
1685,2024-03-19,Standing Desk,Furniture,North,Customer 25,6,387.7,2326.2
1686,2024-03-19,Wireless Mouse,Electronics,South,Customer 55,2,27.84,55.68
1687,2024-03-19,Office Chair,Furniture,West,Customer 33,6,172.13,1032.78
1688,2024-03-19,Wireless Mouse,Electronics,South,Customer 39,6,22.56,135.36
1689,2024-03-19,Wireless Mouse,Electronics,East,Customer 46,2,24.08,48.16
1690,2024-03-19,Filing Cabinet,Furniture,East,Customer 30,6,145.33,871.98
1691,2024-03-19,Standing Desk,Furniture,Central,Customer 26,2,355.84,711.68
1692,2024-03-19,Bluetooth Speaker,Electronics,East,Customer 36,1,49.6,49.6
1693,2024-03-19,Webcam HD,Electronics,North,Customer 31,5,73.66,368.3
1694,2024-03-20,Mechanical Keyboard,Electronics,East,Customer 17,3,97.5,292.5
1695,2024-03-20,Webcam HD,Electronics,South,Customer 10,6,79.66,477.96
1696,2024-03-20,Whiteboard,Stationery,Central,Customer 26,2,67.5,135.0
1697,2024-03-20,Webcam HD,Electronics,West,Customer 19,3,74.91,224.73
1698,2024-03-20,Standing Desk,Furniture,Central,Customer 46,4,350.4,1401.6
1699,2024-03-20,Bluetooth Speaker,Electronics,Central,Customer 41,2,54.22,108.44
1700,2024-03-20,Pen Pack,Stationery,South,Customer 54,6,7.92,47.52
1701,2024-03-20,Webcam HD,Electronics,South,Customer 48,5,66.17,330.85
1702,2024-03-20,Standing Desk,Furniture,South,Customer 44,6,385.73,2314.38
1703,2024-03-20,Desk Lamp,Furniture,East,Customer 27,6,41.5,249.0
1704,2024-03-21,Desk Lamp,Furniture,North,Customer 31,3,43.43,130.29
1705,2024-03-21,Wireless Mouse,Electronics,North,Customer 31,6,26.15,156.9
1706,2024-03-21,Office Chair,Furniture,Central,Customer 20,5,167.39,836.95
1707,2024-03-21,Notebook Set,Stationery,South,Customer 22,1,13.41,13.41
1708,2024-03-21,Notebook Set,Stationery,South,Customer 21,5,13.48,67.4
1709,2024-03-21,Filing Cabinet,Furniture,South,Customer 21,2,164.21,328.42
1710,2024-03-21,Webcam HD,Electronics,South,Customer 37,1,63.08,63.08
1711,2024-03-21,USB-C Hub,Electronics,South,Customer 40,4,43.85,175.4
1712,2024-03-21,Notebook Set,Stationery,West,Customer 25,6,12.09,72.54
1713,2024-03-21,Wireless Mouse,Electronics,North,Customer 58,1,25.84,25.84
1714,2024-03-22,Desk Lamp,Furniture,South,Customer 15,5,42.64,213.2
1715,2024-03-22,Filing Cabinet,Furniture,Central,Customer 38,3,146.7,440.1
1716,2024-03-22,Standing Desk,Furniture,East,Customer 30,2,320.71,641.42
1717,2024-03-22,Filing Cabinet,Furniture,South,Customer 22,5,157.36,786.8
1718,2024-03-22,Pen Pack,Stationery,West,Customer 2,3,8.7,26.1
1719,2024-03-22,Office Chair,Furniture,North,Customer 38,2,194.72,389.44
1720,2024-03-22,Whiteboard,Stationery,North,Customer 25,2,55.85,111.7
1721,2024-03-22,Webcam HD,Electronics,Central,Customer 4,3,76.5,229.5
1722,2024-03-22,Webcam HD,Electronics,North,Customer 27,1,74.44,74.44
1723,2024-03-22,Pen Pack,Stationery,South,Customer 14,4,7.45,29.8
1724,2024-03-22,Filing Cabinet,Furniture,North,Customer 43,6,158.64,951.84
1725,2024-03-22,Whiteboard,Stationery,West,Customer 54,3,63.34,190.02
1726,2024-03-22,Mechanical Keyboard,Electronics,North,Customer 51,5,91.77,458.85
1727,2024-03-22,Mechanical Keyboard,Electronics,East,Customer 54,4,80.72,322.88
1728,2024-03-22,Whiteboard,Stationery,South,Customer 3,2,59.37,118.74
1729,2024-03-22,Whiteboard,Stationery,West,Customer 22,4,67.66,270.64
1730,2024-03-23,Office Chair,Furniture,North,Customer 54,1,162.57,162.57
1731,2024-03-23,Bluetooth Speaker,Electronics,Central,Customer 5,6,56.29,337.74
1732,2024-03-23,Filing Cabinet,Furniture,South,Customer 30,6,138.8,832.8
1733,2024-03-23,Standing Desk,Furniture,South,Customer 56,3,355.62,1066.86
1734,2024-03-23,Wireless Mouse,Electronics,West,Customer 48,3,24.75,74.25
1735,2024-03-23,Mechanical Keyboard,Electronics,North,Customer 55,1,94.59,94.59
1736,2024-03-24,USB-C Hub,Electronics,West,Customer 40,6,42.47,254.82
1737,2024-03-24,Standing Desk,Furniture,South,Customer 8,6,323.13,1938.78
1738,2024-03-24,Notebook Set,Stationery,West,Customer 45,4,13.69,54.76
1739,2024-03-25,Pen Pack,Stationery,North,Customer 9,4,8.5,34.0
1740,2024-03-25,Filing Cabinet,Furniture,South,Customer 7,6,137.2,823.2
1741,2024-03-25,Notebook Set,Stationery,West,Customer 12,5,12.25,61.25
1742,2024-03-25,Bluetooth Speaker,Electronics,South,Customer 31,4,60.21,240.84
1743,2024-03-25,Pen Pack,Stationery,North,Customer 17,1,8.98,8.98
1744,2024-03-25,Webcam HD,Electronics,Central,Customer 50,3,63.22,189.66
1745,2024-03-25,Filing Cabinet,Furniture,East,Customer 34,5,162.14,810.7
1746,2024-03-25,Whiteboard,Stationery,South,Customer 31,6,64.51,387.06
1747,2024-03-25,Desk Lamp,Furniture,Central,Customer 58,6,48.11,288.66
1748,2024-03-26,Bluetooth Speaker,Electronics,Central,Customer 55,1,49.66,49.66
1749,2024-03-26,Pen Pack,Stationery,West,Customer 21,4,8.94,35.76
1750,2024-03-26,Office Chair,Furniture,South,Customer 36,3,205.66,616.98
1751,2024-03-26,Webcam HD,Electronics,West,Customer 29,4,70.06,280.24
1752,2024-03-26,Bluetooth Speaker,Electronics,East,Customer 8,4,50.71,202.84
1753,2024-03-26,Pen Pack,Stationery,West,Customer 3,6,8.51,51.06
1754,2024-03-26,Whiteboard,Stationery,Central,Customer 40,5,54.0,270.0
1755,2024-03-27,Webcam HD,Electronics,West,Customer 22,3,78.58,235.74
1756,2024-03-27,Desk Lamp,Furniture,East,Customer 36,1,49.69,49.69
1757,2024-03-27,Bluetooth Speaker,Electronics,West,Customer 8,5,56.01,280.05
1758,2024-03-27,Mechanical Keyboard,Electronics,East,Customer 36,6,81.21,487.26
1759,2024-03-27,Whiteboard,Stationery,South,Customer 32,3,64.53,193.59
1760,2024-03-27,USB-C Hub,Electronics,East,Customer 40,6,43.43,260.58
1761,2024-03-27,Office Chair,Furniture,South,Customer 30,2,167.43,334.86
1762,2024-03-27,Office Chair,Furniture,North,Customer 60,6,177.21,1063.26
1763,2024-03-28,Webcam HD,Electronics,West,Customer 30,6,73.3,439.8
1764,2024-03-28,Webcam HD,Electronics,West,Customer 1,5,79.73,398.65
1765,2024-03-28,Whiteboard,Stationery,Central,Customer 31,6,54.73,328.38
1766,2024-03-28,Whiteboard,Stationery,South,Customer 7,2,64.38,128.76
1767,2024-03-28,Notebook Set,Stationery,Central,Customer 57,6,12.6,75.6
1768,2024-03-28,Notebook Set,Stationery,South,Customer 18,4,13.74,54.96
1769,2024-03-29,Notebook Set,Stationery,South,Customer 9,3,13.71,41.13
1770,2024-03-29,Notebook Set,Stationery,East,Customer 54,5,12.9,64.5
1771,2024-03-29,Filing Cabinet,Furniture,Central,Customer 41,5,167.28,836.4
1772,2024-03-29,Office Chair,Furniture,East,Customer 59,2,171.44,342.88
1773,2024-03-29,Webcam HD,Electronics,South,Customer 33,2,80.17,160.34
1774,2024-03-29,Whiteboard,Stationery,East,Customer 36,6,63.55,381.3
1775,2024-03-29,Pen Pack,Stationery,West,Customer 44,5,8.34,41.7
1776,2024-03-29,Filing Cabinet,Furniture,North,Customer 34,5,145.72,728.6
1777,2024-03-29,Mechanical Keyboard,Electronics,North,Customer 13,1,84.59,84.59
1778,2024-03-30,Standing Desk,Furniture,South,Customer 54,2,401.06,802.12
1779,2024-03-30,Wireless Mouse,Electronics,Central,Customer 3,6,27.4,164.4
1780,2024-03-30,Desk Lamp,Furniture,Central,Customer 56,4,41.65,166.6
1781,2024-03-30,Office Chair,Furniture,Central,Customer 51,6,191.12,1146.72
1782,2024-03-30,Filing Cabinet,Furniture,West,Customer 25,3,160.99,482.97
1783,2024-03-30,Notebook Set,Stationery,North,Customer 48,6,11.74,70.44
1784,2024-03-30,Standing Desk,Furniture,West,Customer 54,2,369.3,738.6
1785,2024-03-31,Office Chair,Furniture,Central,Customer 35,6,193.71,1162.26
1786,2024-03-31,Filing Cabinet,Furniture,South,Customer 19,5,142.37,711.85
1787,2024-03-31,Pen Pack,Stationery,South,Customer 48,2,9.17,18.34
1788,2024-03-31,Whiteboard,Stationery,Central,Customer 17,1,59.66,59.66
1789,2024-04-01,USB-C Hub,Electronics,East,Customer 30,2,41.84,83.68
1790,2024-04-01,Filing Cabinet,Furniture,Central,Customer 4,2,136.5,273.0
1791,2024-04-01,Webcam HD,Electronics,Central,Customer 36,5,77.75,388.75
1792,2024-04-01,Desk Lamp,Furniture,South,Customer 12,1,49.32,49.32
1793,2024-04-02,Whiteboard,Stationery,Central,Customer 35,1,65.79,65.79
1794,2024-04-02,Notebook Set,Stationery,East,Customer 22,1,11.85,11.85
1795,2024-04-02,Desk Lamp,Furniture,Central,Customer 31,3,42.96,128.88
1796,2024-04-02,Whiteboard,Stationery,West,Customer 16,6,54.13,324.78
1797,2024-04-02,Webcam HD,Electronics,North,Customer 44,5,79.08,395.4
1798,2024-04-02,Desk Lamp,Furniture,West,Customer 17,4,50.8,203.2
1799,2024-04-02,Whiteboard,Stationery,East,Customer 33,6,58.24,349.44
1800,2024-04-02,Whiteboard,Stationery,South,Customer 21,4,61.3,245.2
1801,2024-04-03,Whiteboard,Stationery,Central,Customer 35,1,68.22,68.22
1802,2024-04-03,Wireless Mouse,Electronics,South,Customer 56,6,22.91,137.46
1803,2024-04-03,Webcam HD,Electronics,West,Customer 42,4,77.62,310.48
1804,2024-04-03,Mechanical Keyboard,Electronics,East,Customer 3,6,91.08,546.48
1805,2024-04-03,Mechanical Keyboard,Electronics,Central,Customer 5,1,77.65,77.65
1806,2024-04-04,Bluetooth Speaker,Electronics,West,Customer 41,2,62.03,124.06
1807,2024-04-04,Notebook Set,Stationery,North,Customer 35,4,11.75,47.0
1808,2024-04-04,Wireless Mouse,Electronics,Central,Customer 3,6,27.0,162.0
1809,2024-04-04,Filing Cabinet,Furniture,East,Customer 51,1,148.41,148.41
1810,2024-04-05,Webcam HD,Electronics,West,Customer 25,3,73.61,220.83
1811,2024-04-05,Notebook Set,Stationery,South,Customer 9,6,10.89,65.34
1812,2024-04-05,Filing Cabinet,Furniture,East,Customer 41,4,164.88,659.52
1813,2024-04-05,USB-C Hub,Electronics,East,Customer 1,3,42.77,128.31
1814,2024-04-05,Whiteboard,Stationery,Central,Customer 39,5,56.12,280.6
1815,2024-04-05,Notebook Set,Stationery,South,Customer 48,5,12.44,62.2
1816,2024-04-05,Filing Cabinet,Furniture,Central,Customer 10,6,147.89,887.34
1817,2024-04-05,USB-C Hub,Electronics,South,Customer 8,2,38.21,76.42
1818,2024-04-05,USB-C Hub,Electronics,Central,Customer 30,6,44.0,264.0
1819,2024-04-05,Webcam HD,Electronics,East,Customer 7,5,64.28,321.4
1820,2024-04-06,Office Chair,Furniture,East,Customer 9,6,188.13,1128.78
1821,2024-04-06,Webcam HD,Electronics,North,Customer 58,6,67.1,402.6
1822,2024-04-06,Office Chair,Furniture,East,Customer 45,3,183.86,551.58
1823,2024-04-06,Bluetooth Speaker,Electronics,East,Customer 28,2,57.28,114.56
1824,2024-04-06,USB-C Hub,Electronics,West,Customer 18,1,39.13,39.13
1825,2024-04-06,Desk Lamp,Furniture,West,Customer 30,2,48.15,96.3
1826,2024-04-06,Pen Pack,Stationery,North,Customer 12,3,8.75,26.25
1827,2024-04-06,Webcam HD,Electronics,South,Customer 58,5,64.43,322.15
1828,2024-04-06,Whiteboard,Stationery,North,Customer 47,2,57.95,115.9
1829,2024-04-07,Mechanical Keyboard,Electronics,Central,Customer 38,1,94.55,94.55
1830,2024-04-07,Notebook Set,Stationery,East,Customer 35,5,11.44,57.2
1831,2024-04-07,Whiteboard,Stationery,West,Customer 15,4,63.81,255.24
1832,2024-04-07,Bluetooth Speaker,Electronics,Central,Customer 33,6,61.29,367.74
1833,2024-04-07,Mechanical Keyboard,Electronics,South,Customer 55,4,84.23,336.92
1834,2024-04-07,Bluetooth Speaker,Electronics,West,Customer 11,6,51.78,310.68
1835,2024-04-07,USB-C Hub,Electronics,South,Customer 48,5,45.49,227.45
1836,2024-04-08,Filing Cabinet,Furniture,West,Customer 15,4,170.22,680.88
1837,2024-04-08,Mechanical Keyboard,Electronics,South,Customer 34,3,84.35,253.05
1838,2024-04-08,Desk Lamp,Furniture,North,Customer 3,4,45.78,183.12
1839,2024-04-08,Webcam HD,Electronics,East,Customer 54,3,64.81,194.43
1840,2024-04-09,Filing Cabinet,Furniture,West,Customer 42,3,156.7,470.1
1841,2024-04-09,Notebook Set,Stationery,North,Customer 34,3,12.56,37.68
1842,2024-04-09,Standing Desk,Furniture,West,Customer 23,4,400.11,1600.44
1843,2024-04-09,Desk Lamp,Furniture,North,Customer 33,4,49.42,197.68
1844,2024-04-09,USB-C Hub,Electronics,East,Customer 14,4,37.66,150.64
1845,2024-04-09,USB-C Hub,Electronics,North,Customer 43,2,37.57,75.14
1846,2024-04-10,Office Chair,Furniture,West,Customer 44,4,198.5,794.0
1847,2024-04-10,Pen Pack,Stationery,West,Customer 2,4,7.62,30.48
1848,2024-04-10,Office Chair,Furniture,South,Customer 41,1,167.75,167.75
1849,2024-04-10,Whiteboard,Stationery,South,Customer 17,1,67.36,67.36
1850,2024-04-10,USB-C Hub,Electronics,Central,Customer 41,5,45.58,227.9
1851,2024-04-10,Wireless Mouse,Electronics,North,Customer 14,6,27.05,162.3
1852,2024-04-10,Pen Pack,Stationery,South,Customer 15,5,9.19,45.95
1853,2024-04-10,Notebook Set,Stationery,South,Customer 40,5,11.23,56.15
1854,2024-04-10,Webcam HD,Electronics,East,Customer 60,5,67.63,338.15
1855,2024-04-10,Pen Pack,Stationery,West,Customer 9,5,8.38,41.9
1856,2024-04-11,Mechanical Keyboard,Electronics,Central,Customer 44,1,80.8,80.8
1857,2024-04-11,Notebook Set,Stationery,Central,Customer 39,2,12.62,25.24
1858,2024-04-11,Wireless Mouse,Electronics,West,Customer 43,5,25.65,128.25
1859,2024-04-12,USB-C Hub,Electronics,West,Customer 34,89,41.39,3683.71
1860,2024-04-12,Notebook Set,Stationery,West,Customer 15,3,13.42,40.26
1861,2024-04-12,Pen Pack,Stationery,Central,Customer 7,4,7.9,31.6
1862,2024-04-12,Notebook Set,Stationery,North,Customer 19,2,11.56,23.12
1863,2024-04-12,Bluetooth Speaker,Electronics,North,Customer 37,5,55.12,275.6
1864,2024-04-12,Whiteboard,Stationery,South,Customer 45,1,61.8,61.8
1865,2024-04-12,Desk Lamp,Furniture,Central,Customer 17,4,44.58,178.32
1866,2024-04-12,Standing Desk,Furniture,East,Customer 44,5,352.06,1760.3
1867,2024-04-13,Notebook Set,Stationery,West,Customer 12,2,12.04,24.08
1868,2024-04-13,Desk Lamp,Furniture,East,Customer 37,5,46.74,233.7
1869,2024-04-13,Desk Lamp,Furniture,North,Customer 48,6,44.98,269.88
1870,2024-04-13,Office Chair,Furniture,North,Customer 14,4,197.24,788.96
1871,2024-04-13,Whiteboard,Stationery,Central,Customer 45,4,65.79,263.16
1872,2024-04-14,Webcam HD,Electronics,North,Customer 52,6,63.91,383.46
1873,2024-04-14,Mechanical Keyboard,Electronics,North,Customer 5,2,86.52,173.04
1874,2024-04-14,Standing Desk,Furniture,West,Customer 60,2,347.45,694.9
1875,2024-04-14,Notebook Set,Stationery,Central,Customer 4,5,12.77,63.85
1876,2024-04-14,USB-C Hub,Electronics,Central,Customer 19,6,40.94,245.64
1877,2024-04-15,Office Chair,Furniture,South,Customer 40,1,197.28,197.28
1878,2024-04-15,USB-C Hub,Electronics,North,Customer 11,6,36.36,218.16
1879,2024-04-15,Mechanical Keyboard,Electronics,West,Customer 26,3,93.07,279.21
1880,2024-04-15,Bluetooth Speaker,Electronics,North,Customer 59,2,56.62,113.24
1881,2024-04-15,Mechanical Keyboard,Electronics,Central,Customer 23,5,82.55,412.75
1882,2024-04-15,Desk Lamp,Furniture,West,Customer 60,3,43.05,129.15
1883,2024-04-16,Notebook Set,Stationery,Central,Customer 7,5,10.81,54.05
1884,2024-04-16,Whiteboard,Stationery,North,Customer 52,1,61.55,61.55
1885,2024-04-16,Whiteboard,Stationery,Central,Customer 17,3,67.14,201.42
1886,2024-04-16,Filing Cabinet,Furniture,South,Customer 49,4,171.23,684.92
1887,2024-04-16,Desk Lamp,Furniture,North,Customer 31,4,48.17,192.68
1888,2024-04-16,Mechanical Keyboard,Electronics,South,Customer 44,3,77.94,233.82
1889,2024-04-16,Filing Cabinet,Furniture,East,Customer 34,2,165.01,330.02
1890,2024-04-16,Whiteboard,Stationery,East,Customer 6,1,64.51,64.51
1891,2024-04-17,Notebook Set,Stationery,Central,Customer 60,6,13.05,78.3
1892,2024-04-17,USB-C Hub,Electronics,Central,Customer 18,4,39.14,156.56
1893,2024-04-17,USB-C Hub,Electronics,West,Customer 48,6,42.83,256.98
1894,2024-04-17,Office Chair,Furniture,South,Customer 15,2,195.09,390.18
1895,2024-04-17,Office Chair,Furniture,North,Customer 8,2,199.64,399.28
1896,2024-04-17,Mechanical Keyboard,Electronics,North,Customer 49,6,96.81,580.86
1897,2024-04-17,Whiteboard,Stationery,East,Customer 32,1,66.72,66.72
1898,2024-04-17,Bluetooth Speaker,Electronics,Central,Customer 18,3,56.25,168.75
1899,2024-04-17,Notebook Set,Stationery,Central,Customer 52,2,13.05,26.1
1900,2024-04-17,Notebook Set,Stationery,East,Customer 26,4,13.62,54.48
1901,2024-04-17,Webcam HD,Electronics,Central,Customer 30,2,71.0,142.0
1902,2024-04-17,Desk Lamp,Furniture,West,Customer 38,6,40.59,243.54
1903,2024-04-18,Mechanical Keyboard,Electronics,South,Customer 36,3,84.18,252.54
1904,2024-04-18,Standing Desk,Furniture,East,Customer 24,2,338.57,677.14
1905,2024-04-18,USB-C Hub,Electronics,East,Customer 24,4,40.24,160.96
1906,2024-04-18,Notebook Set,Stationery,Central,Customer 44,3,12.15,36.45
1907,2024-04-18,Office Chair,Furniture,Central,Customer 28,1,194.44,194.44
1908,2024-04-18,Notebook Set,Stationery,South,Customer 31,2,11.24,22.48
1909,2024-04-18,Wireless Mouse,Electronics,Central,Customer 35,2,25.13,50.26
1910,2024-04-18,Filing Cabinet,Furniture,Central,Customer 55,3,164.45,493.35
1911,2024-04-19,Bluetooth Speaker,Electronics,North,Customer 14,1,54.98,54.98
1912,2024-04-19,Standing Desk,Furniture,East,Customer 17,4,388.41,1553.64
1913,2024-04-19,Desk Lamp,Furniture,East,Customer 23,3,46.8,140.4
1914,2024-04-19,Wireless Mouse,Electronics,Central,Customer 13,4,23.26,93.04
1915,2024-04-19,Bluetooth Speaker,Electronics,East,Customer 23,5,58.44,292.2
1916,2024-04-19,Desk Lamp,Furniture,West,Customer 57,6,46.24,277.44
1917,2024-04-19,Mechanical Keyboard,Electronics,South,Customer 56,4,89.54,358.16
1918,2024-04-19,USB-C Hub,Electronics,Central,Customer 37,6,44.08,264.48
1919,2024-04-19,Notebook Set,Stationery,East,Customer 21,1,11.04,11.04
1920,2024-04-19,Webcam HD,Electronics,West,Customer 18,3,75.43,226.29
1921,2024-04-20,Pen Pack,Stationery,West,Customer 27,3,8.7,26.1
1922,2024-04-20,USB-C Hub,Electronics,South,Customer 43,2,44.54,89.08
1923,2024-04-20,Standing Desk,Furniture,South,Customer 26,6,376.31,2257.86
1924,2024-04-21,Mechanical Keyboard,Electronics,Central,Customer 4,1,77.86,77.86
1925,2024-04-21,Wireless Mouse,Electronics,North,Customer 17,4,25.77,103.08
1926,2024-04-21,Bluetooth Speaker,Electronics,West,Customer 20,2,50.66,101.32
1927,2024-04-21,Office Chair,Furniture,South,Customer 9,2,195.19,390.38
1928,2024-04-22,Whiteboard,Stationery,East,Customer 56,2,54.43,108.86
1929,2024-04-22,Pen Pack,Stationery,East,Customer 36,4,9.15,36.6
1930,2024-04-22,Pen Pack,Stationery,South,Customer 38,2,9.14,18.28
1931,2024-04-22,Bluetooth Speaker,Electronics,Central,Customer 28,4,58.18,232.72
1932,2024-04-22,Whiteboard,Stationery,East,Customer 31,6,63.59,381.54
1933,2024-04-22,Whiteboard,Stationery,East,Customer 27,2,66.07,132.14
1934,2024-04-22,Standing Desk,Furniture,South,Customer 23,88,341.56,30057.28
1935,2024-04-23,Standing Desk,Furniture,West,Customer 49,4,361.82,1447.28
1936,2024-04-23,Pen Pack,Stationery,East,Customer 39,3,7.22,21.66
1937,2024-04-23,Office Chair,Furniture,Central,Customer 28,1,186.67,186.67
1938,2024-04-23,Notebook Set,Stationery,West,Customer 54,2,11.29,22.58
1939,2024-04-23,Notebook Set,Stationery,South,Customer 34,2,11.59,23.18
1940,2024-04-23,Bluetooth Speaker,Electronics,Central,Customer 52,6,58.91,353.46
1941,2024-04-23,Standing Desk,Furniture,South,Customer 19,4,331.45,1325.8
1942,2024-04-23,Mechanical Keyboard,Electronics,Central,Customer 32,6,86.18,517.08
1943,2024-04-23,Office Chair,Furniture,Central,Customer 2,3,162.87,488.61
1944,2024-04-24,USB-C Hub,Electronics,West,Customer 47,1,38.82,38.82
1945,2024-04-24,Wireless Mouse,Electronics,South,Customer 22,2,23.06,46.12
1946,2024-04-24,Notebook Set,Stationery,East,Customer 30,3,13.16,39.48
1947,2024-04-24,Filing Cabinet,Furniture,South,Customer 4,1,147.38,147.38
1948,2024-04-24,Standing Desk,Furniture,South,Customer 58,4,321.25,1285.0
1949,2024-04-24,Standing Desk,Furniture,South,Customer 25,4,387.47,1549.88
1950,2024-04-24,Pen Pack,Stationery,West,Customer 48,2,8.68,17.36
1951,2024-04-24,Mechanical Keyboard,Electronics,West,Customer 44,5,90.65,453.25
1952,2024-04-24,Standing Desk,Furniture,Central,Customer 34,3,328.88,986.64
1953,2024-04-25,Mechanical Keyboard,Electronics,East,Customer 57,3,86.73,260.19
1954,2024-04-25,Wireless Mouse,Electronics,West,Customer 21,6,23.86,143.16
1955,2024-04-25,Wireless Mouse,Electronics,West,Customer 51,2,27.46,54.92
1956,2024-04-25,Office Chair,Furniture,West,Customer 45,1,205.6,205.6
1957,2024-04-26,Bluetooth Speaker,Electronics,South,Customer 32,2,54.61,109.22
1958,2024-04-26,Mechanical Keyboard,Electronics,North,Customer 4,6,89.65,537.9
1959,2024-04-26,Desk Lamp,Furniture,North,Customer 9,6,42.23,253.38
1960,2024-04-26,Pen Pack,Stationery,East,Customer 52,2,7.83,15.66
1961,2024-04-26,Pen Pack,Stationery,East,Customer 47,6,7.59,45.54
1962,2024-04-27,USB-C Hub,Electronics,West,Customer 36,3,44.99,134.97
1963,2024-04-27,Standing Desk,Furniture,South,Customer 35,5,375.99,1879.95
1964,2024-04-27,Desk Lamp,Furniture,Central,Customer 59,3,48.74,146.22
1965,2024-04-27,Whiteboard,Stationery,East,Customer 53,2,55.03,110.06
1966,2024-04-27,Standing Desk,Furniture,Central,Customer 25,80,347.12,27769.6
1967,2024-04-27,Filing Cabinet,Furniture,East,Customer 50,2,168.11,336.22
1968,2024-04-27,Bluetooth Speaker,Electronics,Central,Customer 53,2,53.91,107.82
1969,2024-04-27,Notebook Set,Stationery,Central,Customer 10,2,12.37,24.74
1970,2024-04-28,Bluetooth Speaker,Electronics,North,Customer 7,3,53.94,161.82
1971,2024-04-28,Whiteboard,Stationery,South,Customer 12,6,55.0,330.0
1972,2024-04-28,Wireless Mouse,Electronics,North,Customer 37,2,23.17,46.34
1973,2024-04-28,Webcam HD,Electronics,Central,Customer 17,4,74.51,298.04
1974,2024-04-28,Wireless Mouse,Electronics,North,Customer 60,3,23.88,71.64
1975,2024-04-28,Office Chair,Furniture,North,Customer 30,6,184.11,1104.66
1976,2024-04-28,Webcam HD,Electronics,West,Customer 53,1,69.32,69.32
1977,2024-04-29,Desk Lamp,Furniture,Central,Customer 3,6,41.16,246.96
1978,2024-04-29,Filing Cabinet,Furniture,South,Customer 34,1,166.29,166.29
1979,2024-04-29,Mechanical Keyboard,Electronics,South,Customer 13,1,91.91,91.91
1980,2024-04-29,Whiteboard,Stationery,South,Customer 36,6,57.73,346.38
1981,2024-04-30,Filing Cabinet,Furniture,Central,Customer 23,5,150.57,752.85
1982,2024-04-30,Webcam HD,Electronics,North,Customer 11,4,75.29,301.16
1983,2024-04-30,USB-C Hub,Electronics,South,Customer 35,5,40.02,200.1
1984,2024-04-30,Bluetooth Speaker,Electronics,Central,Customer 21,4,62.34,249.36
1985,2024-04-30,Desk Lamp,Furniture,East,Customer 39,4,49.1,196.4
1986,2024-04-30,Office Chair,Furniture,Central,Customer 60,5,186.55,932.75
1987,2024-04-30,Filing Cabinet,Furniture,West,Customer 1,3,148.5,445.5
1988,2024-04-30,Filing Cabinet,Furniture,Central,Customer 9,1,171.86,171.86
1989,2024-04-30,Standing Desk,Furniture,East,Customer 2,1,341.28,341.28
1990,2024-04-30,Filing Cabinet,Furniture,Central,Customer 60,3,169.47,508.41
1991,2024-05-01,Bluetooth Speaker,Electronics,South,Customer 9,2,50.8,101.6
1992,2024-05-01,Standing Desk,Furniture,East,Customer 52,3,392.84,1178.52
1993,2024-05-01,Standing Desk,Furniture,South,Customer 47,1,364.92,364.92
1994,2024-05-01,Mechanical Keyboard,Electronics,West,Customer 53,6,83.4,500.4
1995,2024-05-01,Filing Cabinet,Furniture,Central,Customer 42,6,156.61,939.66
1996,2024-05-01,Standing Desk,Furniture,North,Customer 50,1,378.94,378.94
1997,2024-05-02,Wireless Mouse,Electronics,West,Customer 60,3,24.67,74.01
1998,2024-05-02,Mechanical Keyboard,Electronics,North,Customer 41,2,92.39,184.78
1999,2024-05-02,Webcam HD,Electronics,East,Customer 35,4,63.95,255.8
2000,2024-05-02,Bluetooth Speaker,Electronics,South,Customer 4,2,53.99,107.98
2001,2024-05-02,Webcam HD,Electronics,Central,Customer 37,6,80.45,482.7
2002,2024-05-02,Whiteboard,Stationery,West,Customer 10,1,57.33,57.33
2003,2024-05-02,USB-C Hub,Electronics,North,Customer 36,3,36.83,110.49
2004,2024-05-02,Notebook Set,Stationery,South,Customer 49,3,11.06,33.18
2005,2024-05-03,USB-C Hub,Electronics,Central,Customer 13,4,41.59,166.36
2006,2024-05-03,Whiteboard,Stationery,South,Customer 5,5,68.96,344.8
2007,2024-05-03,Standing Desk,Furniture,North,Customer 8,4,343.3,1373.2
2008,2024-05-03,Webcam HD,Electronics,East,Customer 23,4,70.41,281.64
2009,2024-05-03,Bluetooth Speaker,Electronics,East,Customer 40,6,49.83,298.98
2010,2024-05-04,Pen Pack,Stationery,South,Customer 13,5,7.49,37.45
2011,2024-05-04,Webcam HD,Electronics,North,Customer 8,3,65.73,197.19
2012,2024-05-04,Filing Cabinet,Furniture,South,Customer 56,1,144.11,144.11
2013,2024-05-04,Standing Desk,Furniture,East,Customer 29,1,345.04,345.04
2014,2024-05-04,Pen Pack,Stationery,South,Customer 14,1,7.86,7.86
2015,2024-05-05,Whiteboard,Stationery,Central,Customer 47,5,65.26,326.3
2016,2024-05-05,USB-C Hub,Electronics,Central,Customer 58,6,42.99,257.94
2017,2024-05-05,Webcam HD,Electronics,East,Customer 13,5,63.76,318.8
2018,2024-05-05,Filing Cabinet,Furniture,North,Customer 5,5,145.17,725.85
2019,2024-05-05,Notebook Set,Stationery,East,Customer 56,6,11.61,69.66
2020,2024-05-05,Mechanical Keyboard,Electronics,West,Customer 15,1,82.72,82.72
2021,2024-05-05,Notebook Set,Stationery,East,Customer 32,5,13.73,68.65
2022,2024-05-05,Bluetooth Speaker,Electronics,West,Customer 36,5,50.71,253.55
2023,2024-05-05,Filing Cabinet,Furniture,East,Customer 22,1,136.49,136.49
2024,2024-05-05,Pen Pack,Stationery,East,Customer 23,4,8.69,34.76
2025,2024-05-06,Webcam HD,Electronics,Central,Customer 18,3,67.13,201.39
2026,2024-05-06,Wireless Mouse,Electronics,North,Customer 36,6,24.11,144.66
2027,2024-05-06,Standing Desk,Furniture,South,Customer 6,2,328.27,656.54
2028,2024-05-06,Filing Cabinet,Furniture,South,Customer 27,4,154.53,618.12
2029,2024-05-06,Office Chair,Furniture,Central,Customer 22,5,168.87,844.35
2030,2024-05-06,Pen Pack,Stationery,Central,Customer 35,5,7.46,37.3
2031,2024-05-06,Webcam HD,Electronics,Central,Customer 59,2,78.1,156.2
2032,2024-05-06,USB-C Hub,Electronics,South,Customer 42,4,45.96,183.84
2033,2024-05-07,Bluetooth Speaker,Electronics,North,Customer 12,2,53.87,107.74
2034,2024-05-07,Desk Lamp,Furniture,West,Customer 27,2,48.68,97.36
2035,2024-05-07,Standing Desk,Furniture,East,Customer 10,4,380.24,1520.96
2036,2024-05-07,Office Chair,Furniture,Central,Customer 40,1,167.92,167.92
2037,2024-05-07,Standing Desk,Furniture,South,Customer 15,5,364.62,1823.1
2038,2024-05-07,Webcam HD,Electronics,West,Customer 9,1,69.29,69.29
2039,2024-05-07,Whiteboard,Stationery,South,Customer 55,5,61.03,305.15
2040,2024-05-08,Notebook Set,Stationery,South,Customer 3,4,12.22,48.88
2041,2024-05-09,Notebook Set,Stationery,South,Customer 48,1,13.58,13.58
2042,2024-05-09,Webcam HD,Electronics,West,Customer 56,2,76.26,152.52
2043,2024-05-09,Bluetooth Speaker,Electronics,South,Customer 28,4,58.96,235.84
2044,2024-05-09,Notebook Set,Stationery,East,Customer 26,1,12.62,12.62
2045,2024-05-09,Bluetooth Speaker,Electronics,North,Customer 34,6,57.36,344.16
2046,2024-05-09,Mechanical Keyboard,Electronics,South,Customer 34,4,86.21,344.84
2047,2024-05-09,Whiteboard,Stationery,West,Customer 34,4,68.76,275.04
2048,2024-05-09,Webcam HD,Electronics,East,Customer 50,1,66.32,66.32
2049,2024-05-09,Standing Desk,Furniture,North,Customer 45,4,329.57,1318.28
2050,2024-05-10,Whiteboard,Stationery,North,Customer 47,2,60.95,121.9
2051,2024-05-10,Whiteboard,Stationery,Central,Customer 9,1,56.7,56.7
2052,2024-05-10,Notebook Set,Stationery,West,Customer 38,4,11.77,47.08
2053,2024-05-10,Filing Cabinet,Furniture,East,Customer 45,2,168.1,336.2
2054,2024-05-10,Webcam HD,Electronics,North,Customer 6,6,76.94,461.64
2055,2024-05-10,Mechanical Keyboard,Electronics,Central,Customer 46,6,86.05,516.3
2056,2024-05-10,Notebook Set,Stationery,South,Customer 25,6,13.17,79.02
2057,2024-05-11,Whiteboard,Stationery,East,Customer 37,4,54.66,218.64
2058,2024-05-11,Webcam HD,Electronics,North,Customer 27,2,65.84,131.68
2059,2024-05-11,Standing Desk,Furniture,East,Customer 41,3,378.89,1136.67
2060,2024-05-12,USB-C Hub,Electronics,North,Customer 40,1,44.99,44.99
2061,2024-05-12,Standing Desk,Furniture,Central,Customer 52,1,355.13,355.13
2062,2024-05-13,Wireless Mouse,Electronics,Central,Customer 43,5,28.02,140.1
2063,2024-05-13,Pen Pack,Stationery,Central,Customer 1,4,8.02,32.08
2064,2024-05-13,Office Chair,Furniture,South,Customer 4,5,174.52,872.6
2065,2024-05-13,USB-C Hub,Electronics,South,Customer 55,2,36.55,73.1
2066,2024-05-13,Wireless Mouse,Electronics,East,Customer 59,6,26.11,156.66
2067,2024-05-13,Mechanical Keyboard,Electronics,South,Customer 44,1,78.81,78.81
2068,2024-05-14,Standing Desk,Furniture,Central,Customer 51,5,372.83,1864.15
2069,2024-05-14,Whiteboard,Stationery,East,Customer 60,2,68.49,136.98
2070,2024-05-14,Wireless Mouse,Electronics,West,Customer 53,1,27.3,27.3
2071,2024-05-14,Mechanical Keyboard,Electronics,West,Customer 9,4,94.42,377.68
2072,2024-05-15,Mechanical Keyboard,Electronics,West,Customer 34,6,94.76,568.56
2073,2024-05-15,Office Chair,Furniture,Central,Customer 47,6,171.41,1028.46
2074,2024-05-15,Webcam HD,Electronics,Central,Customer 60,5,80.28,401.4
2075,2024-05-15,Filing Cabinet,Furniture,East,Customer 34,3,151.01,453.03
2076,2024-05-15,Bluetooth Speaker,Electronics,Central,Customer 32,5,54.37,271.85
2077,2024-05-15,Whiteboard,Stationery,South,Customer 57,6,63.48,380.88
2078,2024-05-15,Bluetooth Speaker,Electronics,North,Customer 8,2,59.24,118.48
2079,2024-05-16,Wireless Mouse,Electronics,South,Customer 52,4,26.41,105.64
2080,2024-05-16,Bluetooth Speaker,Electronics,Central,Customer 52,4,55.19,220.76
2081,2024-05-16,Webcam HD,Electronics,East,Customer 17,2,63.2,126.4
2082,2024-05-16,Mechanical Keyboard,Electronics,North,Customer 8,3,82.88,248.64
2083,2024-05-17,Webcam HD,Electronics,Central,Customer 2,3,68.97,206.91
2084,2024-05-17,USB-C Hub,Electronics,West,Customer 59,2,39.31,78.62
2085,2024-05-17,Pen Pack,Stationery,West,Customer 58,1,8.49,8.49
2086,2024-05-17,Whiteboard,Stationery,North,Customer 54,3,60.94,182.82
2087,2024-05-17,Whiteboard,Stationery,Central,Customer 35,3,62.47,187.41
2088,2024-05-17,Wireless Mouse,Electronics,East,Customer 5,2,26.11,52.22
2089,2024-05-17,USB-C Hub,Electronics,West,Customer 41,3,44.41,133.23
2090,2024-05-18,Whiteboard,Stationery,Central,Customer 8,2,62.56,125.12
2091,2024-05-18,Standing Desk,Furniture,East,Customer 27,6,390.06,2340.36
2092,2024-05-18,Mechanical Keyboard,Electronics,East,Customer 14,4,95.14,380.56
2093,2024-05-18,Whiteboard,Stationery,North,Customer 50,3,56.63,169.89
2094,2024-05-18,Office Chair,Furniture,West,Customer 58,1,181.97,181.97
2095,2024-05-19,Whiteboard,Stationery,Central,Customer 20,2,56.85,113.7
2096,2024-05-19,Desk Lamp,Furniture,Central,Customer 44,2,49.16,98.32
2097,2024-05-19,USB-C Hub,Electronics,Central,Customer 8,2,43.25,86.5
2098,2024-05-19,Wireless Mouse,Electronics,Central,Customer 56,3,28.33,84.99
2099,2024-05-19,Mechanical Keyboard,Electronics,Central,Customer 50,3,86.42,259.26
2100,2024-05-19,Webcam HD,Electronics,East,Customer 41,6,68.47,410.82
2101,2024-05-19,Office Chair,Furniture,Central,Customer 21,3,171.02,513.06
2102,2024-05-19,Pen Pack,Stationery,East,Customer 8,6,7.44,44.64
2103,2024-05-20,Wireless Mouse,Electronics,Central,Customer 23,5,26.0,130.0
2104,2024-05-20,Whiteboard,Stationery,East,Customer 37,3,58.07,174.21
2105,2024-05-20,Office Chair,Furniture,East,Customer 35,2,165.21,330.42
2106,2024-05-20,Pen Pack,Stationery,North,Customer 7,1,7.46,7.46
2107,2024-05-21,Notebook Set,Stationery,Central,Customer 58,1,11.06,11.06
2108,2024-05-21,Bluetooth Speaker,Electronics,Central,Customer 23,6,61.0,366.0
2109,2024-05-21,Standing Desk,Furniture,Central,Customer 6,3,386.53,1159.59
2110,2024-05-21,Pen Pack,Stationery,West,Customer 7,5,7.46,37.3
2111,2024-05-21,Pen Pack,Stationery,West,Customer 31,3,8.57,25.71
2112,2024-05-21,Office Chair,Furniture,East,Customer 59,2,168.47,336.94
2113,2024-05-22,Desk Lamp,Furniture,East,Customer 51,4,42.56,170.24
2114,2024-05-22,Desk Lamp,Furniture,North,Customer 23,4,45.98,183.92
2115,2024-05-22,Pen Pack,Stationery,East,Customer 39,4,8.89,35.56
2116,2024-05-22,Bluetooth Speaker,Electronics,North,Customer 21,2,56.48,112.96
2117,2024-05-23,Whiteboard,Stationery,West,Customer 26,6,55.06,330.36
2118,2024-05-23,Bluetooth Speaker,Electronics,South,Customer 31,4,52.78,211.12
2119,2024-05-23,Notebook Set,Stationery,Central,Customer 28,1,11.82,11.82
2120,2024-05-23,Notebook Set,Stationery,South,Customer 12,5,13.16,65.8
2121,2024-05-24,Webcam HD,Electronics,Central,Customer 54,6,64.36,386.16
2122,2024-05-24,Pen Pack,Stationery,Central,Customer 7,1,8.38,8.38
2123,2024-05-24,Pen Pack,Stationery,Central,Customer 7,2,7.82,15.64
2124,2024-05-24,Webcam HD,Electronics,West,Customer 42,5,76.5,382.5
2125,2024-05-25,Webcam HD,Electronics,Central,Customer 58,1,64.58,64.58
2126,2024-05-25,Webcam HD,Electronics,West,Customer 35,1,76.25,76.25
2127,2024-05-25,Standing Desk,Furniture,South,Customer 44,4,368.86,1475.44
2128,2024-05-25,Desk Lamp,Furniture,East,Customer 59,3,46.92,140.76
2129,2024-05-26,Notebook Set,Stationery,North,Customer 38,6,13.75,82.5
2130,2024-05-26,Wireless Mouse,Electronics,South,Customer 55,5,28.67,143.35
2131,2024-05-26,Standing Desk,Furniture,North,Customer 1,1,347.31,347.31
2132,2024-05-27,Filing Cabinet,Furniture,East,Customer 56,5,165.78,828.9
2133,2024-05-27,Wireless Mouse,Electronics,East,Customer 46,2,25.2,50.4
2134,2024-05-27,Notebook Set,Stationery,South,Customer 31,4,11.94,47.76
2135,2024-05-27,USB-C Hub,Electronics,East,Customer 54,2,41.55,83.1
2136,2024-05-28,Notebook Set,Stationery,South,Customer 9,2,11.67,23.34
2137,2024-05-28,Wireless Mouse,Electronics,West,Customer 43,1,26.55,26.55
2138,2024-05-28,Notebook Set,Stationery,West,Customer 56,2,11.05,22.1
2139,2024-05-28,Pen Pack,Stationery,South,Customer 30,6,8.41,50.46
2140,2024-05-29,Whiteboard,Stationery,East,Customer 15,4,62.28,249.12
2141,2024-05-29,USB-C Hub,Electronics,South,Customer 46,4,42.05,168.2
2142,2024-05-29,Whiteboard,Stationery,East,Customer 3,3,60.16,180.48
2143,2024-05-29,Wireless Mouse,Electronics,Central,Customer 31,5,25.52,127.6
2144,2024-05-30,Filing Cabinet,Furniture,East,Customer 30,1,140.33,140.33
2145,2024-05-30,Whiteboard,Stationery,South,Customer 31,1,61.85,61.85
2146,2024-05-30,Webcam HD,Electronics,Central,Customer 52,6,74.62,447.72
2147,2024-05-30,Bluetooth Speaker,Electronics,Central,Customer 50,3,57.93,173.79
2148,2024-05-31,Wireless Mouse,Electronics,Central,Customer 47,4,25.34,101.36
2149,2024-05-31,Desk Lamp,Furniture,East,Customer 19,4,44.47,177.88
2150,2024-05-31,USB-C Hub,Electronics,East,Customer 47,1,42.95,42.95
2151,2024-06-01,Bluetooth Speaker,Electronics,South,Customer 37,3,50.34,151.02
2152,2024-06-01,Wireless Mouse,Electronics,Central,Customer 2,6,28.69,172.14
2153,2024-06-01,Standing Desk,Furniture,East,Customer 17,4,322.22,1288.88
2154,2024-06-01,USB-C Hub,Electronics,North,Customer 48,5,38.81,194.05
2155,2024-06-01,Mechanical Keyboard,Electronics,South,Customer 43,5,80.21,401.05
2156,2024-06-01,Pen Pack,Stationery,South,Customer 32,3,8.82,26.46
2157,2024-06-01,USB-C Hub,Electronics,North,Customer 10,5,44.62,223.1
2158,2024-06-02,Bluetooth Speaker,Electronics,West,Customer 50,2,61.02,122.04
2159,2024-06-02,Notebook Set,Stationery,South,Customer 14,2,12.78,25.56
2160,2024-06-02,Bluetooth Speaker,Electronics,East,Customer 49,6,61.08,366.48
2161,2024-06-02,Mechanical Keyboard,Electronics,East,Customer 31,1,80.06,80.06
2162,2024-06-02,Filing Cabinet,Furniture,West,Customer 31,5,143.76,718.8
2163,2024-06-02,Standing Desk,Furniture,East,Customer 60,2,361.41,722.82
2164,2024-06-02,Pen Pack,Stationery,North,Customer 7,4,8.56,34.24
2165,2024-06-03,Whiteboard,Stationery,Central,Customer 59,6,59.31,355.86
2166,2024-06-03,Webcam HD,Electronics,North,Customer 17,3,68.86,206.58
2167,2024-06-03,Webcam HD,Electronics,South,Customer 47,5,69.85,349.25
2168,2024-06-04,Webcam HD,Electronics,South,Customer 21,5,76.48,382.4
2169,2024-06-04,Whiteboard,Stationery,North,Customer 27,1,64.09,64.09
2170,2024-06-04,Mechanical Keyboard,Electronics,South,Customer 47,5,78.71,393.55
2171,2024-06-04,Standing Desk,Furniture,North,Customer 4,3,331.89,995.67
2172,2024-06-04,Bluetooth Speaker,Electronics,Central,Customer 41,6,61.79,370.74
2173,2024-06-04,Mechanical Keyboard,Electronics,Central,Customer 9,6,96.85,581.1
2174,2024-06-04,Notebook Set,Stationery,South,Customer 58,6,13.09,78.54
2175,2024-06-05,Mechanical Keyboard,Electronics,North,Customer 41,6,80.42,482.52
2176,2024-06-05,Pen Pack,Stationery,East,Customer 17,3,8.74,26.22
2177,2024-06-05,USB-C Hub,Electronics,West,Customer 22,1,38.77,38.77
2178,2024-06-05,Wireless Mouse,Electronics,West,Customer 5,3,28.47,85.41
2179,2024-06-05,Pen Pack,Stationery,West,Customer 7,2,8.42,16.84
2180,2024-06-05,USB-C Hub,Electronics,North,Customer 59,5,43.69,218.45
2181,2024-06-05,Pen Pack,Stationery,North,Customer 37,6,7.72,46.32
2182,2024-06-06,Filing Cabinet,Furniture,West,Customer 10,3,164.15,492.45
2183,2024-06-06,Webcam HD,Electronics,West,Customer 18,6,63.02,378.12
2184,2024-06-06,USB-C Hub,Electronics,North,Customer 33,6,39.3,235.8
2185,2024-06-06,Filing Cabinet,Furniture,North,Customer 35,4,152.93,611.72
2186,2024-06-06,Office Chair,Furniture,West,Customer 8,1,179.3,179.3
2187,2024-06-07,Bluetooth Speaker,Electronics,East,Customer 26,5,62.36,311.8
2188,2024-06-07,Wireless Mouse,Electronics,East,Customer 35,6,28.73,172.38
2189,2024-06-07,Desk Lamp,Furniture,East,Customer 42,1,49.96,49.96
2190,2024-06-07,Office Chair,Furniture,South,Customer 20,2,186.95,373.9
2191,2024-06-07,Filing Cabinet,Furniture,East,Customer 32,4,168.62,674.48
2192,2024-06-07,Mechanical Keyboard,Electronics,North,Customer 13,6,85.81,514.86
2193,2024-06-08,Wireless Mouse,Electronics,West,Customer 5,6,28.73,172.38
2194,2024-06-08,Whiteboard,Stationery,West,Customer 2,6,58.62,351.72
2195,2024-06-08,Wireless Mouse,Electronics,North,Customer 26,3,22.85,68.55
2196,2024-06-08,Mechanical Keyboard,Electronics,West,Customer 44,2,93.65,187.3
2197,2024-06-08,Whiteboard,Stationery,North,Customer 3,2,65.12,130.24
2198,2024-06-08,Filing Cabinet,Furniture,Central,Customer 3,2,153.33,306.66
2199,2024-06-08,Office Chair,Furniture,North,Customer 58,6,191.2,1147.2
2200,2024-06-08,Standing Desk,Furniture,Central,Customer 5,1,354.92,354.92
2201,2024-06-09,Mechanical Keyboard,Electronics,South,Customer 5,1,87.06,87.06
2202,2024-06-09,Office Chair,Furniture,West,Customer 21,4,177.18,708.72
2203,2024-06-09,Mechanical Keyboard,Electronics,South,Customer 49,6,88.74,532.44
2204,2024-06-09,Wireless Mouse,Electronics,East,Customer 10,5,23.58,117.9
2205,2024-06-09,Notebook Set,Stationery,West,Customer 16,2,12.89,25.78
2206,2024-06-10,Bluetooth Speaker,Electronics,Central,Customer 25,1,51.33,51.33
2207,2024-06-10,USB-C Hub,Electronics,North,Customer 12,1,44.8,44.8
2208,2024-06-10,Mechanical Keyboard,Electronics,West,Customer 45,6,90.35,542.1
2209,2024-06-10,Pen Pack,Stationery,East,Customer 34,6,7.45,44.7
2210,2024-06-10,Pen Pack,Stationery,North,Customer 39,4,7.68,30.72
2211,2024-06-10,USB-C Hub,Electronics,East,Customer 23,6,41.0,246.0
2212,2024-06-10,Notebook Set,Stationery,Central,Customer 7,1,12.47,12.47
2213,2024-06-11,Bluetooth Speaker,Electronics,Central,Customer 15,3,61.36,184.08
2214,2024-06-11,Pen Pack,Stationery,South,Customer 8,6,8.52,51.12
2215,2024-06-11,USB-C Hub,Electronics,West,Customer 12,6,44.44,266.64
2216,2024-06-11,USB-C Hub,Electronics,East,Customer 19,6,45.23,271.38
2217,2024-06-11,Office Chair,Furniture,West,Customer 3,4,173.31,693.24
2218,2024-06-11,Mechanical Keyboard,Electronics,South,Customer 51,6,77.61,465.66
2219,2024-06-11,Wireless Mouse,Electronics,South,Customer 47,4,25.72,102.88
2220,2024-06-11,Pen Pack,Stationery,East,Customer 15,5,8.36,41.8
2221,2024-06-12,Mechanical Keyboard,Electronics,West,Customer 56,3,81.34,244.02
2222,2024-06-12,Office Chair,Furniture,Central,Customer 32,4,202.11,808.44
2223,2024-06-12,Wireless Mouse,Electronics,West,Customer 12,4,23.41,93.64
2224,2024-06-12,Notebook Set,Stationery,East,Customer 18,3,11.21,33.63
2225,2024-06-12,Office Chair,Furniture,North,Customer 18,3,167.72,503.16
2226,2024-06-12,USB-C Hub,Electronics,South,Customer 49,1,44.52,44.52
2227,2024-06-12,Desk Lamp,Furniture,Central,Customer 58,2,50.47,100.94
2228,2024-06-13,USB-C Hub,Electronics,North,Customer 27,5,45.7,228.5
2229,2024-06-13,Whiteboard,Stationery,West,Customer 54,4,66.93,267.72
2230,2024-06-13,Pen Pack,Stationery,South,Customer 16,3,7.23,21.69
2231,2024-06-13,Desk Lamp,Furniture,Central,Customer 10,4,47.02,188.08
2232,2024-06-13,Bluetooth Speaker,Electronics,West,Customer 47,1,55.24,55.24
2233,2024-06-13,Whiteboard,Stationery,North,Customer 29,1,60.39,60.39
2234,2024-06-13,Pen Pack,Stationery,West,Customer 14,2,7.37,14.74
2235,2024-06-14,USB-C Hub,Electronics,North,Customer 2,3,38.96,116.88
2236,2024-06-14,Pen Pack,Stationery,Central,Customer 48,6,7.81,46.86
2237,2024-06-15,Bluetooth Speaker,Electronics,South,Customer 56,1,62.93,62.93
2238,2024-06-15,Filing Cabinet,Furniture,West,Customer 46,4,141.94,567.76
2239,2024-06-15,Webcam HD,Electronics,East,Customer 34,1,78.06,78.06
2240,2024-06-15,Wireless Mouse,Electronics,Central,Customer 35,3,25.16,75.48
2241,2024-06-15,Bluetooth Speaker,Electronics,East,Customer 48,2,60.33,120.66
2242,2024-06-15,Wireless Mouse,Electronics,North,Customer 8,5,28.41,142.05
2243,2024-06-15,Notebook Set,Stationery,East,Customer 12,3,12.2,36.6
2244,2024-06-15,Webcam HD,Electronics,South,Customer 9,5,75.34,376.7
2245,2024-06-16,Desk Lamp,Furniture,Central,Customer 56,2,46.57,93.14
2246,2024-06-16,Filing Cabinet,Furniture,East,Customer 23,2,163.24,326.48
2247,2024-06-16,Standing Desk,Furniture,North,Customer 24,5,374.52,1872.6
2248,2024-06-16,Desk Lamp,Furniture,North,Customer 31,4,45.97,183.88
2249,2024-06-17,Filing Cabinet,Furniture,East,Customer 29,5,160.44,802.2
2250,2024-06-17,Bluetooth Speaker,Electronics,North,Customer 13,3,60.5,181.5
2251,2024-06-17,Pen Pack,Stationery,East,Customer 5,1,7.36,7.36
2252,2024-06-17,Mechanical Keyboard,Electronics,West,Customer 10,2,82.36,164.72
2253,2024-06-17,Office Chair,Furniture,West,Customer 44,5,204.84,1024.2
2254,2024-06-18,Whiteboard,Stationery,North,Customer 19,2,61.11,122.22
2255,2024-06-18,Office Chair,Furniture,Central,Customer 42,1,162.99,162.99
2256,2024-06-18,Desk Lamp,Furniture,East,Customer 32,4,47.01,188.04
2257,2024-06-19,Bluetooth Speaker,Electronics,West,Customer 30,6,59.08,354.48
2258,2024-06-19,Standing Desk,Furniture,South,Customer 51,5,326.55,1632.75
2259,2024-06-19,Standing Desk,Furniture,North,Customer 10,2,357.37,714.74
2260,2024-06-19,Desk Lamp,Furniture,South,Customer 46,3,45.63,136.89
2261,2024-06-19,Whiteboard,Stationery,South,Customer 11,3,56.73,170.19
2262,2024-06-19,Office Chair,Furniture,South,Customer 29,1,163.85,163.85
2263,2024-06-19,Standing Desk,Furniture,North,Customer 43,3,331.14,993.42
2264,2024-06-19,Desk Lamp,Furniture,South,Customer 35,3,42.16,126.48
2265,2024-06-20,Standing Desk,Furniture,West,Customer 50,1,395.54,395.54
2266,2024-06-20,USB-C Hub,Electronics,Central,Customer 33,4,45.28,181.12
2267,2024-06-20,Desk Lamp,Furniture,East,Customer 49,6,48.44,290.64
2268,2024-06-20,Bluetooth Speaker,Electronics,West,Customer 22,6,51.52,309.12
2269,2024-06-20,Filing Cabinet,Furniture,South,Customer 44,1,162.44,162.44
2270,2024-06-20,Whiteboard,Stationery,South,Customer 29,1,58.62,58.62
2271,2024-06-20,Desk Lamp,Furniture,South,Customer 38,1,44.17,44.17
2272,2024-06-21,Whiteboard,Stationery,South,Customer 2,2,65.72,131.44
2273,2024-06-21,Mechanical Keyboard,Electronics,North,Customer 33,5,94.55,472.75
2274,2024-06-21,Notebook Set,Stationery,Central,Customer 4,2,12.27,24.54
2275,2024-06-21,Webcam HD,Electronics,West,Customer 24,3,69.96,209.88
2276,2024-06-21,Notebook Set,Stationery,East,Customer 29,3,10.84,32.52
2277,2024-06-21,Whiteboard,Stationery,West,Customer 52,1,57.24,57.24
2278,2024-06-21,Pen Pack,Stationery,West,Customer 47,3,7.53,22.59
2279,2024-06-21,Notebook Set,Stationery,South,Customer 14,2,13.31,26.62
2280,2024-06-21,Standing Desk,Furniture,East,Customer 5,4,401.48,1605.92
2281,2024-06-21,Bluetooth Speaker,Electronics,East,Customer 27,4,50.72,202.88
2282,2024-06-22,USB-C Hub,Electronics,South,Customer 13,5,40.62,203.1
2283,2024-06-22,USB-C Hub,Electronics,East,Customer 54,4,38.89,155.56
2284,2024-06-22,Bluetooth Speaker,Electronics,South,Customer 2,3,56.29,168.87
2285,2024-06-22,Wireless Mouse,Electronics,West,Customer 8,2,24.14,48.28
2286,2024-06-22,Webcam HD,Electronics,West,Customer 59,6,78.62,471.72
2287,2024-06-22,Filing Cabinet,Furniture,East,Customer 32,6,144.18,865.08
2288,2024-06-22,Mechanical Keyboard,Electronics,Central,Customer 28,5,92.34,461.7
2289,2024-06-23,Standing Desk,Furniture,North,Customer 24,6,375.02,2250.12
2290,2024-06-23,Whiteboard,Stationery,South,Customer 38,6,62.63,375.78
2291,2024-06-23,Wireless Mouse,Electronics,South,Customer 23,2,24.5,49.0
2292,2024-06-23,USB-C Hub,Electronics,East,Customer 4,1,38.73,38.73
2293,2024-06-23,Standing Desk,Furniture,Central,Customer 13,3,361.34,1084.02
2294,2024-06-23,Webcam HD,Electronics,South,Customer 35,2,76.38,152.76
2295,2024-06-23,Desk Lamp,Furniture,East,Customer 18,3,49.8,149.4
2296,2024-06-23,Webcam HD,Electronics,Central,Customer 23,6,75.05,450.3
2297,2024-06-24,USB-C Hub,Electronics,West,Customer 27,1,37.37,37.37
2298,2024-06-24,Desk Lamp,Furniture,South,Customer 54,2,41.65,83.3
2299,2024-06-24,Office Chair,Furniture,Central,Customer 55,5,189.6,948.0
2300,2024-06-24,Whiteboard,Stationery,North,Customer 27,6,62.27,373.62
2301,2024-06-24,Pen Pack,Stationery,North,Customer 31,1,7.43,7.43
2302,2024-06-24,Desk Lamp,Furniture,West,Customer 57,3,48.27,144.81
2303,2024-06-24,Bluetooth Speaker,Electronics,East,Customer 2,5,60.0,300.0
2304,2024-06-24,Filing Cabinet,Furniture,South,Customer 45,1,143.34,143.34
2305,2024-06-24,Office Chair,Furniture,North,Customer 28,3,167.64,502.92
2306,2024-06-24,Filing Cabinet,Furniture,West,Customer 3,1,137.92,137.92
2307,2024-06-24,Office Chair,Furniture,Central,Customer 4,1,163.48,163.48
2308,2024-06-25,Pen Pack,Stationery,East,Customer 43,1,9.02,9.02
2309,2024-06-25,Wireless Mouse,Electronics,South,Customer 38,1,27.39,27.39
2310,2024-06-25,Office Chair,Furniture,South,Customer 55,2,192.18,384.36
2311,2024-06-25,Filing Cabinet,Furniture,South,Customer 55,3,170.58,511.74
2312,2024-06-25,Whiteboard,Stationery,North,Customer 7,6,63.19,379.14
2313,2024-06-25,Bluetooth Speaker,Electronics,East,Customer 11,1,56.77,56.77
2314,2024-06-25,Whiteboard,Stationery,South,Customer 59,1,68.6,68.6
2315,2024-06-26,Whiteboard,Stationery,South,Customer 29,6,61.12,366.72
2316,2024-06-26,Webcam HD,Electronics,West,Customer 28,1,66.16,66.16
2317,2024-06-26,Office Chair,Furniture,East,Customer 8,5,172.24,861.2
2318,2024-06-26,Pen Pack,Stationery,East,Customer 46,1,8.24,8.24
2319,2024-06-26,Standing Desk,Furniture,West,Customer 8,5,378.19,1890.95
2320,2024-06-26,Notebook Set,Stationery,West,Customer 15,3,12.17,36.51
2321,2024-06-26,Whiteboard,Stationery,South,Customer 55,4,58.36,233.44
2322,2024-06-27,Mechanical Keyboard,Electronics,North,Customer 44,4,96.46,385.84
2323,2024-06-27,Pen Pack,Stationery,North,Customer 8,6,7.41,44.46
2324,2024-06-27,USB-C Hub,Electronics,North,Customer 48,4,40.01,160.04
2325,2024-06-27,USB-C Hub,Electronics,South,Customer 39,1,39.64,39.64
2326,2024-06-27,Notebook Set,Stationery,West,Customer 18,1,11.5,11.5
2327,2024-06-28,Filing Cabinet,Furniture,West,Customer 23,5,157.26,786.3
2328,2024-06-28,Pen Pack,Stationery,West,Customer 33,6,8.41,50.46
2329,2024-06-28,Standing Desk,Furniture,East,Customer 32,2,382.2,764.4
2330,2024-06-28,Pen Pack,Stationery,North,Customer 48,2,8.46,16.92
2331,2024-06-28,Wireless Mouse,Electronics,South,Customer 25,1,25.61,25.61
2332,2024-06-28,Bluetooth Speaker,Electronics,Central,Customer 7,6,54.0,324.0
2333,2024-06-28,Mechanical Keyboard,Electronics,West,Customer 13,6,92.47,554.82
2334,2024-06-28,Standing Desk,Furniture,Central,Customer 22,6,358.57,2151.42
2335,2024-06-29,Whiteboard,Stationery,West,Customer 57,5,54.27,271.35
2336,2024-06-29,Mechanical Keyboard,Electronics,West,Customer 30,4,86.06,344.24
2337,2024-06-29,Wireless Mouse,Electronics,East,Customer 57,1,23.61,23.61
2338,2024-06-30,Filing Cabinet,Furniture,West,Customer 32,2,153.43,306.86
2339,2024-06-30,Mechanical Keyboard,Electronics,Central,Customer 37,5,90.84,454.2
2340,2024-06-30,Pen Pack,Stationery,North,Customer 26,4,8.32,33.28
2341,2024-06-30,Standing Desk,Furniture,East,Customer 50,4,366.72,1466.88
2342,2024-07-01,Standing Desk,Furniture,South,Customer 54,3,320.37,961.11
2343,2024-07-01,Desk Lamp,Furniture,East,Customer 25,3,49.61,148.83
2344,2024-07-01,Mechanical Keyboard,Electronics,East,Customer 4,4,83.83,335.32
2345,2024-07-01,Webcam HD,Electronics,Central,Customer 6,2,67.33,134.66
2346,2024-07-01,Filing Cabinet,Furniture,South,Customer 2,1,167.59,167.59
2347,2024-07-01,Whiteboard,Stationery,West,Customer 37,3,54.56,163.68
2348,2024-07-01,Whiteboard,Stationery,Central,Customer 2,4,58.0,232.0
2349,2024-07-01,Desk Lamp,Furniture,North,Customer 52,4,46.92,187.68
2350,2024-07-01,Pen Pack,Stationery,West,Customer 33,1,8.58,8.58
2351,2024-07-02,Webcam HD,Electronics,West,Customer 13,3,65.92,197.76
2352,2024-07-02,Pen Pack,Stationery,Central,Customer 14,6,8.89,53.34
2353,2024-07-02,Standing Desk,Furniture,West,Customer 52,3,319.16,957.48
2354,2024-07-02,Office Chair,Furniture,Central,Customer 7,5,195.43,977.15
2355,2024-07-02,Bluetooth Speaker,Electronics,Central,Customer 31,3,53.26,159.78
2356,2024-07-02,Notebook Set,Stationery,East,Customer 33,2,11.84,23.68
2357,2024-07-03,Standing Desk,Furniture,West,Customer 26,4,373.05,1492.2
2358,2024-07-03,Standing Desk,Furniture,Central,Customer 12,5,360.09,1800.45
2359,2024-07-03,Wireless Mouse,Electronics,Central,Customer 32,6,26.9,161.4
2360,2024-07-03,Office Chair,Furniture,West,Customer 18,6,205.3,1231.8
2361,2024-07-03,Webcam HD,Electronics,West,Customer 60,5,77.16,385.8
2362,2024-07-03,Bluetooth Speaker,Electronics,East,Customer 30,6,58.12,348.72
2363,2024-07-03,USB-C Hub,Electronics,East,Customer 55,2,37.5,75.0
2364,2024-07-04,Notebook Set,Stationery,North,Customer 41,4,11.76,47.04
2365,2024-07-04,Office Chair,Furniture,South,Customer 17,4,174.01,696.04
2366,2024-07-04,Webcam HD,Electronics,South,Customer 13,5,67.13,335.65
2367,2024-07-04,Wireless Mouse,Electronics,West,Customer 36,2,27.48,54.96
2368,2024-07-04,Notebook Set,Stationery,South,Customer 18,4,12.74,50.96
2369,2024-07-04,USB-C Hub,Electronics,Central,Customer 12,1,38.58,38.58
2370,2024-07-04,Webcam HD,Electronics,North,Customer 4,1,79.87,79.87
2371,2024-07-04,Mechanical Keyboard,Electronics,West,Customer 58,3,89.28,267.84
2372,2024-07-04,Desk Lamp,Furniture,South,Customer 16,6,47.9,287.4
2373,2024-07-04,Mechanical Keyboard,Electronics,Central,Customer 43,5,92.11,460.55
2374,2024-07-04,Bluetooth Speaker,Electronics,South,Customer 39,5,52.96,264.8
2375,2024-07-04,Mechanical Keyboard,Electronics,West,Customer 52,3,83.5,250.5
2376,2024-07-05,Filing Cabinet,Furniture,South,Customer 7,6,143.85,863.1
2377,2024-07-05,USB-C Hub,Electronics,East,Customer 56,2,45.7,91.4
2378,2024-07-05,Bluetooth Speaker,Electronics,North,Customer 21,1,56.24,56.24
2379,2024-07-05,Whiteboard,Stationery,East,Customer 57,4,61.12,244.48
2380,2024-07-05,USB-C Hub,Electronics,East,Customer 2,3,40.75,122.25
2381,2024-07-05,Webcam HD,Electronics,North,Customer 45,5,63.61,318.05
2382,2024-07-05,Webcam HD,Electronics,East,Customer 58,2,67.43,134.86
2383,2024-07-05,Webcam HD,Electronics,West,Customer 25,1,72.36,72.36
2384,2024-07-05,Wireless Mouse,Electronics,East,Customer 6,4,28.3,113.2
2385,2024-07-06,Office Chair,Furniture,West,Customer 41,3,171.47,514.41
2386,2024-07-06,Desk Lamp,Furniture,North,Customer 53,6,45.07,270.42
2387,2024-07-06,Pen Pack,Stationery,East,Customer 46,4,8.67,34.68
2388,2024-07-06,Notebook Set,Stationery,Central,Customer 5,1,13.27,13.27
2389,2024-07-07,Desk Lamp,Furniture,East,Customer 30,4,47.27,189.08
2390,2024-07-07,Filing Cabinet,Furniture,South,Customer 41,1,163.57,163.57
2391,2024-07-07,Pen Pack,Stationery,East,Customer 21,6,7.47,44.82
2392,2024-07-07,Bluetooth Speaker,Electronics,South,Customer 55,1,51.02,51.02
2393,2024-07-07,Bluetooth Speaker,Electronics,West,Customer 31,6,55.14,330.84
2394,2024-07-07,Filing Cabinet,Furniture,East,Customer 52,2,144.78,289.56
2395,2024-07-07,Standing Desk,Furniture,West,Customer 57,2,322.38,644.76
2396,2024-07-07,Notebook Set,Stationery,Central,Customer 42,5,11.47,57.35
2397,2024-07-08,Bluetooth Speaker,Electronics,West,Customer 13,6,52.64,315.84
2398,2024-07-08,Standing Desk,Furniture,Central,Customer 28,6,389.54,2337.24
2399,2024-07-08,Bluetooth Speaker,Electronics,South,Customer 37,3,51.55,154.65
2400,2024-07-08,Mechanical Keyboard,Electronics,West,Customer 53,1,91.77,91.77
2401,2024-07-08,Webcam HD,Electronics,South,Customer 56,4,65.07,260.28
2402,2024-07-08,Standing Desk,Furniture,West,Customer 55,3,380.31,1140.93
2403,2024-07-08,Office Chair,Furniture,South,Customer 27,5,171.7,858.5
2404,2024-07-08,USB-C Hub,Electronics,East,Customer 16,4,43.92,175.68
2405,2024-07-08,Bluetooth Speaker,Electronics,West,Customer 6,4,61.98,247.92
2406,2024-07-08,Wireless Mouse,Electronics,West,Customer 44,4,23.33,93.32
2407,2024-07-09,Office Chair,Furniture,Central,Customer 17,6,179.26,1075.56
2408,2024-07-09,Mechanical Keyboard,Electronics,South,Customer 31,1,88.34,88.34
2409,2024-07-09,Desk Lamp,Furniture,Central,Customer 46,5,51.07,255.35
2410,2024-07-09,Filing Cabinet,Furniture,West,Customer 20,1,135.2,135.2
2411,2024-07-09,Notebook Set,Stationery,Central,Customer 3,6,11.91,71.46
2412,2024-07-10,Bluetooth Speaker,Electronics,East,Customer 57,2,53.08,106.16
2413,2024-07-10,Pen Pack,Stationery,West,Customer 10,2,7.38,14.76
2414,2024-07-10,Standing Desk,Furniture,West,Customer 56,1,342.41,342.41
2415,2024-07-10,Standing Desk,Furniture,East,Customer 40,6,346.55,2079.3
2416,2024-07-10,Standing Desk,Furniture,East,Customer 48,5,342.39,1711.95
2417,2024-07-11,Pen Pack,Stationery,West,Customer 4,2,8.31,16.62
2418,2024-07-11,Office Chair,Furniture,West,Customer 17,2,164.46,328.92
2419,2024-07-11,USB-C Hub,Electronics,West,Customer 3,6,40.67,244.02
2420,2024-07-11,Pen Pack,Stationery,West,Customer 32,3,9.18,27.54
2421,2024-07-11,Mechanical Keyboard,Electronics,North,Customer 14,6,94.92,569.52
2422,2024-07-11,Standing Desk,Furniture,East,Customer 37,2,388.06,776.12
2423,2024-07-11,Webcam HD,Electronics,North,Customer 34,5,66.72,333.6
2424,2024-07-11,Bluetooth Speaker,Electronics,West,Customer 44,2,55.23,110.46
2425,2024-07-11,Mechanical Keyboard,Electronics,North,Customer 26,3,77.05,231.15
2426,2024-07-11,Desk Lamp,Furniture,East,Customer 10,5,50.95,254.75
2427,2024-07-11,Wireless Mouse,Electronics,West,Customer 30,1,25.38,25.38
2428,2024-07-11,Webcam HD,Electronics,Central,Customer 29,42,73.4,3082.8
2429,2024-07-12,Desk Lamp,Furniture,Central,Customer 9,6,51.75,310.5
2430,2024-07-12,Office Chair,Furniture,North,Customer 48,1,198.07,198.07
2431,2024-07-12,Mechanical Keyboard,Electronics,West,Customer 17,5,96.73,483.65
2432,2024-07-12,USB-C Hub,Electronics,North,Customer 2,2,45.65,91.3
2433,2024-07-12,Office Chair,Furniture,South,Customer 8,2,179.48,358.96
2434,2024-07-12,Standing Desk,Furniture,East,Customer 58,4,385.1,1540.4
2435,2024-07-12,Webcam HD,Electronics,East,Customer 33,5,65.3,326.5
2436,2024-07-12,Office Chair,Furniture,East,Customer 37,4,182.04,728.16
2437,2024-07-13,Bluetooth Speaker,Electronics,East,Customer 40,4,50.74,202.96
2438,2024-07-13,USB-C Hub,Electronics,Central,Customer 22,4,42.31,169.24
2439,2024-07-13,Pen Pack,Stationery,South,Customer 60,6,7.65,45.9
2440,2024-07-13,Pen Pack,Stationery,East,Customer 30,5,8.46,42.3
2441,2024-07-13,Notebook Set,Stationery,South,Customer 9,1,13.52,13.52
2442,2024-07-13,Webcam HD,Electronics,East,Customer 37,3,77.73,233.19
2443,2024-07-13,Wireless Mouse,Electronics,North,Customer 33,5,22.98,114.9
2444,2024-07-13,Notebook Set,Stationery,Central,Customer 53,4,11.08,44.32
2445,2024-07-13,Standing Desk,Furniture,Central,Customer 2,3,337.3,1011.9
2446,2024-07-13,Mechanical Keyboard,Electronics,South,Customer 54,6,90.56,543.36
2447,2024-07-14,Notebook Set,Stationery,East,Customer 21,1,11.05,11.05
2448,2024-07-14,Bluetooth Speaker,Electronics,Central,Customer 52,6,55.76,334.56
2449,2024-07-14,Standing Desk,Furniture,South,Customer 14,3,399.59,1198.77
2450,2024-07-14,USB-C Hub,Electronics,North,Customer 28,1,43.47,43.47
2451,2024-07-14,Whiteboard,Stationery,South,Customer 42,1,54.09,54.09
2452,2024-07-14,Pen Pack,Stationery,Central,Customer 47,4,8.58,34.32
2453,2024-07-14,Pen Pack,Stationery,East,Customer 45,3,8.44,25.32
2454,2024-07-14,Webcam HD,Electronics,North,Customer 9,6,74.81,448.86
2455,2024-07-15,USB-C Hub,Electronics,South,Customer 55,1,37.91,37.91
2456,2024-07-15,Wireless Mouse,Electronics,South,Customer 28,2,25.51,51.02
2457,2024-07-15,Webcam HD,Electronics,West,Customer 10,5,66.34,331.7
2458,2024-07-15,Pen Pack,Stationery,South,Customer 48,4,7.24,28.96
2459,2024-07-15,Filing Cabinet,Furniture,West,Customer 38,4,171.15,684.6
2460,2024-07-15,Office Chair,Furniture,West,Customer 4,2,175.27,350.54
2461,2024-07-15,Desk Lamp,Furniture,West,Customer 27,1,41.65,41.65
2462,2024-07-16,Pen Pack,Stationery,East,Customer 3,6,8.36,50.16
2463,2024-07-16,Pen Pack,Stationery,Central,Customer 60,4,8.17,32.68
2464,2024-07-16,Webcam HD,Electronics,North,Customer 28,4,67.06,268.24
2465,2024-07-16,Bluetooth Speaker,Electronics,West,Customer 57,3,57.11,171.33
2466,2024-07-16,Pen Pack,Stationery,East,Customer 29,1,8.19,8.19
2467,2024-07-16,Filing Cabinet,Furniture,South,Customer 31,4,135.78,543.12
2468,2024-07-16,Desk Lamp,Furniture,East,Customer 59,4,43.11,172.44
2469,2024-07-16,Bluetooth Speaker,Electronics,East,Customer 47,6,58.53,351.18
2470,2024-07-16,Filing Cabinet,Furniture,East,Customer 51,4,170.99,683.96
2471,2024-07-16,Pen Pack,Stationery,North,Customer 43,2,8.44,16.88
2472,2024-07-16,Pen Pack,Stationery,West,Customer 7,2,7.55,15.1
2473,2024-07-16,Notebook Set,Stationery,North,Customer 2,4,11.71,46.84
2474,2024-07-16,Desk Lamp,Furniture,Central,Customer 3,3,44.52,133.56
2475,2024-07-16,Mechanical Keyboard,Electronics,North,Customer 36,3,85.65,256.95
2476,2024-07-16,Office Chair,Furniture,East,Customer 50,4,173.6,694.4
2477,2024-07-17,Wireless Mouse,Electronics,Central,Customer 39,5,24.17,120.85
2478,2024-07-17,Webcam HD,Electronics,West,Customer 52,1,75.36,75.36
2479,2024-07-17,Pen Pack,Stationery,Central,Customer 51,1,9.15,9.15
2480,2024-07-17,Mechanical Keyboard,Electronics,North,Customer 56,5,77.39,386.95
2481,2024-07-17,Office Chair,Furniture,West,Customer 49,3,169.07,507.21
2482,2024-07-17,Whiteboard,Stationery,East,Customer 22,4,64.99,259.96
2483,2024-07-17,USB-C Hub,Electronics,West,Customer 50,1,44.49,44.49
2484,2024-07-17,Wireless Mouse,Electronics,East,Customer 33,2,27.72,55.44
2485,2024-07-17,USB-C Hub,Electronics,West,Customer 24,1,38.66,38.66
2486,2024-07-18,Webcam HD,Electronics,Central,Customer 27,6,67.3,403.8
2487,2024-07-18,Office Chair,Furniture,West,Customer 58,2,198.08,396.16
2488,2024-07-18,Pen Pack,Stationery,North,,5,8.79,43.95
2489,2024-07-18,USB-C Hub,Electronics,North,Customer 6,1,43.18,43.18
2490,2024-07-18,Desk Lamp,Furniture,West,Customer 4,3,45.02,135.06
2491,2024-07-18,Notebook Set,Stationery,Central,Customer 4,1,12.78,12.78
2492,2024-07-18,Webcam HD,Electronics,East,Customer 27,6,76.98,461.88
2493,2024-07-18,Notebook Set,Stationery,East,Customer 59,6,12.9,77.4
2494,2024-07-18,Desk Lamp,Furniture,Central,Customer 59,1,49.8,49.8
2495,2024-07-18,USB-C Hub,Electronics,Central,Customer 40,6,40.04,240.24
2496,2024-07-19,Bluetooth Speaker,Electronics,West,Customer 50,6,55.58,333.48
2497,2024-07-19,Office Chair,Furniture,West,Customer 47,3,165.79,497.37
2498,2024-07-19,Filing Cabinet,Furniture,Central,Customer 19,6,168.0,1008.0
2499,2024-07-19,Office Chair,Furniture,East,Customer 49,1,185.03,185.03
2500,2024-07-19,Webcam HD,Electronics,Central,Customer 38,2,63.41,126.82
2501,2024-07-19,Standing Desk,Furniture,West,Customer 33,2,387.82,775.64
2502,2024-07-19,Mechanical Keyboard,Electronics,Central,Customer 23,6,77.77,466.62
2503,2024-07-20,Mechanical Keyboard,Electronics,West,Customer 20,1,92.58,92.58
2504,2024-07-20,Bluetooth Speaker,Electronics,South,Customer 52,6,49.57,297.42
2505,2024-07-20,Filing Cabinet,Furniture,Central,Customer 55,5,156.21,781.05
2506,2024-07-20,Bluetooth Speaker,Electronics,Central,Customer 44,2,54.32,108.64
2507,2024-07-20,USB-C Hub,Electronics,North,Customer 21,6,39.78,238.68
2508,2024-07-20,Whiteboard,Stationery,West,Customer 7,5,56.89,284.45
2509,2024-07-21,USB-C Hub,Electronics,North,Customer 4,6,40.26,241.56
2510,2024-07-21,Notebook Set,Stationery,East,Customer 44,2,12.23,24.46
2511,2024-07-21,Whiteboard,Stationery,West,Customer 56,4,62.82,251.28
2512,2024-07-21,Standing Desk,Furniture,West,Customer 45,5,358.65,1793.25
2513,2024-07-21,Pen Pack,Stationery,South,Customer 33,6,9.15,54.9
2514,2024-07-22,USB-C Hub,Electronics,Central,Customer 56,4,43.11,172.44
2515,2024-07-22,Whiteboard,Stationery,North,Customer 48,1,64.42,64.42
2516,2024-07-22,USB-C Hub,Electronics,Central,Customer 55,5,39.69,198.45
2517,2024-07-22,Notebook Set,Stationery,North,Customer 34,1,11.16,11.16
2518,2024-07-22,USB-C Hub,Electronics,East,Customer 19,1,39.71,39.71
2519,2024-07-22,Pen Pack,Stationery,Central,Customer 27,1,8.78,8.78
2520,2024-07-23,Wireless Mouse,Electronics,West,Customer 1,3,28.06,84.18
2521,2024-07-23,Mechanical Keyboard,Electronics,West,Customer 31,5,83.91,419.55
2522,2024-07-23,Bluetooth Speaker,Electronics,West,Customer 31,3,57.28,171.84
2523,2024-07-23,Filing Cabinet,Furniture,West,Customer 49,5,139.98,699.9
2524,2024-07-23,Pen Pack,Stationery,East,Customer 6,6,8.1,48.6
2525,2024-07-23,Bluetooth Speaker,Electronics,West,Customer 22,6,58.07,348.42
2526,2024-07-23,Whiteboard,Stationery,East,Customer 42,1,68.37,68.37
2527,2024-07-23,Mechanical Keyboard,Electronics,East,Customer 36,2,91.53,183.06
2528,2024-07-23,Webcam HD,Electronics,Central,Customer 35,1,74.27,74.27
2529,2024-07-23,Bluetooth Speaker,Electronics,West,Customer 33,1,62.66,62.66
2530,2024-07-24,Wireless Mouse,Electronics,North,Customer 18,1,26.61,26.61
2531,2024-07-24,Office Chair,Furniture,Central,Customer 29,2,199.34,398.68
2532,2024-07-24,Mechanical Keyboard,Electronics,North,Customer 32,5,89.4,447.0
2533,2024-07-24,Wireless Mouse,Electronics,Central,Customer 21,3,25.23,75.69
2534,2024-07-24,Notebook Set,Stationery,Central,Customer 11,3,11.07,33.21
2535,2024-07-24,Standing Desk,Furniture,South,Customer 20,2,330.98,661.96
2536,2024-07-24,Notebook Set,Stationery,East,Customer 12,6,11.31,67.86
2537,2024-07-24,Wireless Mouse,Electronics,East,Customer 10,6,22.87,137.22
2538,2024-07-25,Notebook Set,Stationery,North,Customer 4,3,11.57,34.71
2539,2024-07-25,Office Chair,Furniture,West,Customer 33,2,195.85,391.7
2540,2024-07-25,Whiteboard,Stationery,East,Customer 30,4,68.24,272.96
2541,2024-07-25,Whiteboard,Stationery,South,Customer 59,4,54.98,219.92
2542,2024-07-25,Wireless Mouse,Electronics,North,Customer 16,3,25.96,77.88
2543,2024-07-26,Whiteboard,Stationery,West,Customer 29,6,65.78,394.68
2544,2024-07-26,Mechanical Keyboard,Electronics,South,Customer 24,6,87.13,522.78
2545,2024-07-26,Whiteboard,Stationery,West,Customer 59,2,65.73,131.46
2546,2024-07-26,Whiteboard,Stationery,Central,Customer 19,4,54.63,218.52
2547,2024-07-26,Webcam HD,Electronics,West,Customer 18,2,63.01,126.02
2548,2024-07-26,Bluetooth Speaker,Electronics,East,Customer 54,3,61.04,183.12
2549,2024-07-26,Webcam HD,Electronics,North,Customer 11,2,73.24,146.48
2550,2024-07-26,Filing Cabinet,Furniture,West,Customer 45,5,156.12,780.6
2551,2024-07-27,Mechanical Keyboard,Electronics,West,Customer 14,2,91.91,183.82
2552,2024-07-27,Bluetooth Speaker,Electronics,East,Customer 41,5,62.66,313.3
2553,2024-07-27,Standing Desk,Furniture,East,Customer 22,6,354.61,2127.66
2554,2024-07-27,Office Chair,Furniture,South,Customer 42,4,205.15,820.6
2555,2024-07-27,Wireless Mouse,Electronics,South,Customer 27,5,25.48,127.4
2556,2024-07-27,Whiteboard,Stationery,Central,Customer 6,6,64.55,387.3
2557,2024-07-27,Webcam HD,Electronics,West,Customer 44,6,64.36,386.16
2558,2024-07-28,Mechanical Keyboard,Electronics,Central,Customer 23,3,97.16,291.48
2559,2024-07-28,Notebook Set,Stationery,North,Customer 8,2,13.32,26.64
2560,2024-07-28,Pen Pack,Stationery,South,Customer 48,3,9.07,27.21
2561,2024-07-28,Wireless Mouse,Electronics,South,Customer 6,3,26.75,80.25
2562,2024-07-28,Bluetooth Speaker,Electronics,South,Customer 32,6,53.67,322.02
2563,2024-07-28,Desk Lamp,Furniture,Central,Customer 14,1,43.66,43.66
2564,2024-07-28,Wireless Mouse,Electronics,North,Customer 56,2,28.65,57.3
2565,2024-07-28,Standing Desk,Furniture,South,Customer 43,5,358.78,1793.9
2566,2024-07-28,Filing Cabinet,Furniture,South,Customer 5,5,160.21,801.05
2567,2024-07-28,Bluetooth Speaker,Electronics,Central,Customer 55,2,59.76,119.52
2568,2024-07-28,Office Chair,Furniture,North,Customer 45,5,194.8,974.0
2569,2024-07-29,Webcam HD,Electronics,West,Customer 1,5,73.75,368.75
2570,2024-07-29,Notebook Set,Stationery,East,Customer 28,6,12.82,76.92
2571,2024-07-29,Notebook Set,Stationery,West,Customer 24,3,11.17,33.51
2572,2024-07-29,Whiteboard,Stationery,East,Customer 59,1,67.26,67.26
2573,2024-07-29,Notebook Set,Stationery,East,Customer 6,52,12.15,631.8
2574,2024-07-29,Bluetooth Speaker,Electronics,West,Customer 5,1,63.12,63.12
2575,2024-07-29,Office Chair,Furniture,North,Customer 2,2,169.4,338.8
2576,2024-07-29,Pen Pack,Stationery,East,Customer 54,4,8.82,35.28
2577,2024-07-29,Standing Desk,Furniture,East,Customer 54,2,324.44,648.88
2578,2024-07-29,Wireless Mouse,Electronics,North,Customer 50,3,25.75,77.25
2579,2024-07-30,Bluetooth Speaker,Electronics,West,Customer 38,5,55.53,277.65
2580,2024-07-30,Mechanical Keyboard,Electronics,West,Customer 21,1,97.21,97.21
2581,2024-07-30,Filing Cabinet,Furniture,West,Customer 4,1,164.35,164.35
2582,2024-07-30,Standing Desk,Furniture,North,Customer 36,5,369.79,1848.95
2583,2024-07-30,Wireless Mouse,Electronics,Central,Customer 49,3,27.81,83.43
2584,2024-07-30,Notebook Set,Stationery,Central,Customer 1,2,13.39,26.78
2585,2024-07-30,Pen Pack,Stationery,Central,Customer 40,4,8.13,32.52
2586,2024-07-31,Mechanical Keyboard,Electronics,North,Customer 30,3,90.33,270.99
2587,2024-07-31,Whiteboard,Stationery,North,Customer 39,3,62.82,188.46
2588,2024-07-31,Filing Cabinet,Furniture,Central,Customer 9,1,157.23,157.23
2589,2024-07-31,Webcam HD,Electronics,Central,Customer 29,5,67.49,337.45
2590,2024-07-31,USB-C Hub,Electronics,South,Customer 20,2,37.38,74.76
2591,2024-08-01,Bluetooth Speaker,Electronics,East,Customer 20,4,56.56,226.24
2592,2024-08-01,Bluetooth Speaker,Electronics,East,Customer 39,5,60.16,300.8
2593,2024-08-01,Desk Lamp,Furniture,Central,Customer 43,3,44.65,133.95
2594,2024-08-01,Webcam HD,Electronics,Central,Customer 55,2,64.0,128.0
2595,2024-08-01,Wireless Mouse,Electronics,South,Customer 51,4,24.65,98.6
2596,2024-08-01,Mechanical Keyboard,Electronics,West,Customer 39,3,80.52,241.56
2597,2024-08-01,Filing Cabinet,Furniture,East,Customer 40,3,166.95,500.85
2598,2024-08-01,Standing Desk,Furniture,North,Customer 32,4,343.75,1375.0
2599,2024-08-02,Office Chair,Furniture,West,Customer 40,1,190.74,190.74
2600,2024-08-02,Office Chair,Furniture,East,Customer 52,2,183.63,367.26
2601,2024-08-02,Filing Cabinet,Furniture,North,Customer 24,4,142.7,570.8
2602,2024-08-02,Wireless Mouse,Electronics,South,Customer 19,1,24.74,24.74
2603,2024-08-02,Pen Pack,Stationery,East,Customer 3,2,8.46,16.92
2604,2024-08-02,Wireless Mouse,Electronics,East,Customer 47,2,23.74,47.48
2605,2024-08-02,USB-C Hub,Electronics,South,Customer 2,3,44.48,133.44
2606,2024-08-03,USB-C Hub,Electronics,South,Customer 25,3,45.11,135.33
2607,2024-08-03,Webcam HD,Electronics,West,Customer 16,1,68.92,68.92
2608,2024-08-03,Desk Lamp,Furniture,Central,Customer 57,3,47.94,143.82
2609,2024-08-03,Notebook Set,Stationery,South,Customer 51,6,11.0,66.0
2610,2024-08-03,Office Chair,Furniture,East,Customer 39,2,185.96,371.92
2611,2024-08-03,Notebook Set,Stationery,Central,Customer 38,6,11.53,69.18
2612,2024-08-03,Office Chair,Furniture,South,Customer 4,5,175.24,876.2
2613,2024-08-03,Webcam HD,Electronics,Central,Customer 57,3,78.27,234.81
2614,2024-08-04,Pen Pack,Stationery,Central,,2,8.65,17.3
2615,2024-08-04,USB-C Hub,Electronics,Central,Customer 24,5,39.88,199.4
2616,2024-08-04,Pen Pack,Stationery,East,Customer 34,5,8.13,40.65
2617,2024-08-04,Filing Cabinet,Furniture,East,Customer 38,4,161.84,647.36
2618,2024-08-04,Notebook Set,Stationery,North,Customer 14,6,13.56,81.36
2619,2024-08-04,Office Chair,Furniture,South,Customer 20,2,182.34,364.68
2620,2024-08-04,Notebook Set,Stationery,East,Customer 17,4,12.51,50.04
2621,2024-08-04,Whiteboard,Stationery,West,Customer 34,1,56.01,56.01
2622,2024-08-04,Desk Lamp,Furniture,Central,Customer 22,2,47.07,94.14
2623,2024-08-04,Notebook Set,Stationery,West,Customer 21,4,12.2,48.8
2624,2024-08-04,Standing Desk,Furniture,East,Customer 42,4,317.16,1268.64
2625,2024-08-05,Mechanical Keyboard,Electronics,Central,Customer 33,3,95.66,286.98
2626,2024-08-05,Whiteboard,Stationery,South,Customer 7,6,55.17,331.02
2627,2024-08-05,Mechanical Keyboard,Electronics,East,Customer 13,1,84.16,84.16
2628,2024-08-05,Webcam HD,Electronics,East,Customer 13,3,67.38,202.14
2629,2024-08-05,Filing Cabinet,Furniture,Central,Customer 59,5,172.42,862.1
2630,2024-08-05,Standing Desk,Furniture,East,Customer 51,1,382.38,382.38
2631,2024-08-05,Notebook Set,Stationery,North,Customer 31,4,13.27,53.08
2632,2024-08-05,Webcam HD,Electronics,West,Customer 15,5,80.31,401.55
2633,2024-08-05,Office Chair,Furniture,Central,Customer 38,6,195.71,1174.26
2634,2024-08-05,Whiteboard,Stationery,North,Customer 21,4,64.84,259.36
2635,2024-08-05,Office Chair,Furniture,South,Customer 29,4,196.66,786.64
2636,2024-08-05,Pen Pack,Stationery,South,Customer 20,5,7.26,36.3
2637,2024-08-05,Filing Cabinet,Furniture,East,Customer 22,1,153.74,153.74
2638,2024-08-06,Office Chair,Furniture,Central,Customer 20,4,181.16,724.64
2639,2024-08-06,Desk Lamp,Furniture,South,Customer 10,5,40.76,203.8
2640,2024-08-06,Desk Lamp,Furniture,Central,Customer 37,5,47.59,237.95
2641,2024-08-06,Notebook Set,Stationery,Central,Customer 25,4,11.41,45.64
2642,2024-08-06,Office Chair,Furniture,West,Customer 41,4,166.89,667.56
2643,2024-08-06,Standing Desk,Furniture,South,Customer 3,1,330.0,330.0
2644,2024-08-06,Filing Cabinet,Furniture,North,Customer 59,5,153.32,766.6
2645,2024-08-06,Notebook Set,Stationery,Central,Customer 5,3,11.42,34.26
2646,2024-08-06,Pen Pack,Stationery,East,Customer 56,1,7.94,7.94
2647,2024-08-06,Notebook Set,Stationery,Central,Customer 27,4,11.27,45.08
2648,2024-08-06,Pen Pack,Stationery,South,Customer 9,6,7.34,44.04
2649,2024-08-06,Office Chair,Furniture,West,Customer 11,3,181.45,544.35
2650,2024-08-07,Bluetooth Speaker,Electronics,Central,Customer 46,5,62.41,312.05
2651,2024-08-07,Webcam HD,Electronics,South,Customer 29,4,67.82,271.28
2652,2024-08-07,Mechanical Keyboard,Electronics,East,Customer 59,4,89.35,357.4
2653,2024-08-07,Bluetooth Speaker,Electronics,North,Customer 19,4,55.83,223.32
2654,2024-08-07,Webcam HD,Electronics,East,Customer 26,4,69.07,276.28
2655,2024-08-07,Bluetooth Speaker,Electronics,Central,Customer 47,2,55.21,110.42
2656,2024-08-07,Notebook Set,Stationery,Central,Customer 7,4,11.95,47.8
2657,2024-08-07,Notebook Set,Stationery,South,Customer 18,6,13.64,81.84
2658,2024-08-07,Webcam HD,Electronics,South,Customer 59,5,68.11,340.55
2659,2024-08-07,Pen Pack,Stationery,East,Customer 5,4,9.18,36.72
2660,2024-08-07,Mechanical Keyboard,Electronics,West,Customer 11,5,92.79,463.95
2661,2024-08-07,Standing Desk,Furniture,North,Customer 41,2,359.28,718.56
2662,2024-08-07,Filing Cabinet,Furniture,West,Customer 55,6,163.12,978.72
2663,2024-08-07,Office Chair,Furniture,South,Customer 21,4,163.7,654.8
2664,2024-08-07,Webcam HD,Electronics,North,Customer 36,6,71.12,426.72
2665,2024-08-08,Webcam HD,Electronics,West,Customer 53,2,75.49,150.98
2666,2024-08-08,Standing Desk,Furniture,North,Customer 12,2,329.93,659.86
2667,2024-08-08,Standing Desk,Furniture,North,Customer 43,1,361.78,361.78
2668,2024-08-08,Wireless Mouse,Electronics,South,Customer 14,6,24.21,145.26
2669,2024-08-08,Filing Cabinet,Furniture,West,Customer 45,1,168.48,168.48
2670,2024-08-08,Wireless Mouse,Electronics,North,Customer 25,6,27.57,165.42
2671,2024-08-09,Filing Cabinet,Furniture,North,Customer 50,3,151.65,454.95
2672,2024-08-09,Notebook Set,Stationery,South,Customer 13,2,13.59,27.18
2673,2024-08-09,Mechanical Keyboard,Electronics,East,Customer 53,1,85.46,85.46
2674,2024-08-09,Office Chair,Furniture,North,Customer 52,6,192.1,1152.6
2675,2024-08-09,Webcam HD,Electronics,Central,Customer 7,2,75.67,151.34
2676,2024-08-09,Desk Lamp,Furniture,South,Customer 60,3,46.82,140.46
2677,2024-08-09,Whiteboard,Stationery,South,Customer 7,4,68.08,272.32
2678,2024-08-09,Desk Lamp,Furniture,East,Customer 1,3,42.45,127.35
2679,2024-08-09,Notebook Set,Stationery,East,Customer 42,2,12.18,24.36
2680,2024-08-10,Bluetooth Speaker,Electronics,West,Customer 20,3,50.1,150.3
2681,2024-08-10,Bluetooth Speaker,Electronics,Central,Customer 51,4,63.02,252.08
2682,2024-08-10,Bluetooth Speaker,Electronics,East,Customer 41,2,52.96,105.92
2683,2024-08-10,Filing Cabinet,Furniture,South,Customer 22,4,160.42,641.68
2684,2024-08-10,USB-C Hub,Electronics,West,Customer 5,6,43.62,261.72
2685,2024-08-10,Desk Lamp,Furniture,West,Customer 33,1,47.35,47.35
2686,2024-08-10,Webcam HD,Electronics,North,Customer 15,6,67.07,402.42
2687,2024-08-11,Wireless Mouse,Electronics,South,Customer 48,5,27.24,136.2
2688,2024-08-11,Notebook Set,Stationery,East,Customer 32,2,12.66,25.32
2689,2024-08-11,Standing Desk,Furniture,North,Customer 16,2,328.27,656.54
2690,2024-08-11,Filing Cabinet,Furniture,East,Customer 9,5,172.07,860.35
2691,2024-08-11,Standing Desk,Furniture,Central,Customer 51,3,371.32,1113.96
2692,2024-08-11,Notebook Set,Stationery,South,Customer 55,6,13.24,79.44
2693,2024-08-11,Filing Cabinet,Furniture,North,,3,147.85,443.55
2694,2024-08-11,Webcam HD,Electronics,South,Customer 39,2,77.03,154.06
2695,2024-08-11,Notebook Set,Stationery,North,Customer 5,5,11.76,58.8
2696,2024-08-11,Pen Pack,Stationery,South,Customer 14,1,9.11,9.11
2697,2024-08-11,USB-C Hub,Electronics,South,Customer 16,1,37.74,37.74
2698,2024-08-12,Whiteboard,Stationery,South,Customer 47,1,60.39,60.39
2699,2024-08-12,Office Chair,Furniture,East,Customer 19,2,181.08,362.16
2700,2024-08-12,Bluetooth Speaker,Electronics,West,Customer 6,4,62.81,251.24
2701,2024-08-12,Desk Lamp,Furniture,West,Customer 33,4,44.75,179.0
2702,2024-08-12,Bluetooth Speaker,Electronics,West,Customer 2,6,55.46,332.76
2703,2024-08-12,Notebook Set,Stationery,East,Customer 39,4,13.36,53.44
2704,2024-08-12,Whiteboard,Stationery,West,Customer 30,2,62.29,124.58
2705,2024-08-12,Standing Desk,Furniture,West,Customer 5,4,339.78,1359.12
2706,2024-08-12,Desk Lamp,Furniture,South,Customer 1,2,48.54,97.08
2707,2024-08-12,Wireless Mouse,Electronics,West,Customer 60,5,27.06,135.3
2708,2024-08-13,Notebook Set,Stationery,West,Customer 20,4,13.71,54.84
2709,2024-08-13,Webcam HD,Electronics,North,Customer 25,5,64.25,321.25
2710,2024-08-13,Bluetooth Speaker,Electronics,East,Customer 50,2,52.17,104.34
2711,2024-08-13,Filing Cabinet,Furniture,East,Customer 45,3,154.11,462.33
2712,2024-08-13,Wireless Mouse,Electronics,South,Customer 16,6,24.91,149.46
2713,2024-08-13,Pen Pack,Stationery,North,Customer 45,1,9.04,9.04
2714,2024-08-13,Webcam HD,Electronics,South,Customer 17,6,65.59,393.54
2715,2024-08-13,Office Chair,Furniture,South,Customer 1,5,188.03,940.15
2716,2024-08-13,Mechanical Keyboard,Electronics,West,,1,90.19,90.19
2717,2024-08-14,Bluetooth Speaker,Electronics,West,Customer 11,1,56.63,56.63
2718,2024-08-14,Notebook Set,Stationery,Central,,3,12.88,38.64
2719,2024-08-14,Notebook Set,Stationery,North,Customer 7,5,11.72,58.6
2720,2024-08-14,Webcam HD,Electronics,South,Customer 18,5,76.59,382.95
2721,2024-08-14,Filing Cabinet,Furniture,East,Customer 1,2,169.88,339.76
2722,2024-08-14,USB-C Hub,Electronics,West,Customer 34,4,36.02,144.08
2723,2024-08-14,Notebook Set,Stationery,South,Customer 24,6,11.67,70.02
2724,2024-08-14,USB-C Hub,Electronics,Central,Customer 8,6,37.34,224.04
2725,2024-08-14,Pen Pack,Stationery,North,Customer 48,5,8.83,44.15
2726,2024-08-15,USB-C Hub,Electronics,West,Customer 29,2,38.59,77.18
2727,2024-08-15,Webcam HD,Electronics,North,Customer 19,5,64.91,324.55
2728,2024-08-15,Mechanical Keyboard,Electronics,North,Customer 38,4,79.15,316.6
2729,2024-08-15,Office Chair,Furniture,North,Customer 4,4,183.83,735.32
2730,2024-08-15,Standing Desk,Furniture,North,Customer 7,1,373.22,373.22
2731,2024-08-15,Office Chair,Furniture,Central,Customer 49,5,197.63,988.15
2732,2024-08-15,Standing Desk,Furniture,West,Customer 22,4,356.41,1425.64
2733,2024-08-15,Desk Lamp,Furniture,South,Customer 24,6,50.51,303.06
2734,2024-08-15,Webcam HD,Electronics,East,Customer 56,4,69.62,278.48
2735,2024-08-15,Desk Lamp,Furniture,West,Customer 47,1,40.53,40.53
2736,2024-08-15,USB-C Hub,Electronics,East,Customer 45,1,42.02,42.02
2737,2024-08-15,Office Chair,Furniture,West,Customer 33,3,182.34,547.02
2738,2024-08-15,Notebook Set,Stationery,East,Customer 2,6,11.36,68.16
2739,2024-08-15,Webcam HD,Electronics,East,Customer 44,3,78.29,234.87
2740,2024-08-16,Pen Pack,Stationery,Central,Customer 51,2,8.41,16.82
2741,2024-08-16,Mechanical Keyboard,Electronics,West,Customer 43,3,85.59,256.77
2742,2024-08-16,Filing Cabinet,Furniture,South,Customer 46,1,162.54,162.54
2743,2024-08-16,USB-C Hub,Electronics,Central,Customer 3,5,44.76,223.8
2744,2024-08-17,USB-C Hub,Electronics,Central,Customer 56,4,43.97,175.88
2745,2024-08-17,Pen Pack,Stationery,West,Customer 43,2,8.99,17.98
2746,2024-08-17,Whiteboard,Stationery,North,Customer 7,2,57.65,115.3
2747,2024-08-17,Notebook Set,Stationery,East,Customer 58,6,10.89,65.34
2748,2024-08-17,Notebook Set,Stationery,West,Customer 58,3,11.46,34.38
2749,2024-08-17,Webcam HD,Electronics,West,Customer 6,1,74.65,74.65
2750,2024-08-17,Filing Cabinet,Furniture,Central,Customer 5,3,167.7,503.1
2751,2024-08-17,Webcam HD,Electronics,West,Customer 42,3,69.6,208.8
2752,2024-08-17,Webcam HD,Electronics,South,Customer 15,5,79.91,399.55
2753,2024-08-17,Standing Desk,Furniture,East,Customer 48,1,340.46,340.46
2754,2024-08-17,Bluetooth Speaker,Electronics,East,Customer 9,2,59.74,119.48
2755,2024-08-18,Desk Lamp,Furniture,Central,Customer 35,43,46.99,2020.57
2756,2024-08-18,Office Chair,Furniture,East,Customer 52,4,206.09,824.36
2757,2024-08-18,Webcam HD,Electronics,South,Customer 7,2,72.1,144.2
2758,2024-08-18,Notebook Set,Stationery,South,Customer 53,1,12.41,12.41
2759,2024-08-18,Standing Desk,Furniture,Central,Customer 19,2,358.74,717.48
2760,2024-08-18,USB-C Hub,Electronics,North,Customer 39,6,42.65,255.9
2761,2024-08-18,Desk Lamp,Furniture,East,Customer 55,3,46.15,138.45
2762,2024-08-18,Filing Cabinet,Furniture,West,Customer 19,5,152.94,764.7
2763,2024-08-19,Filing Cabinet,Furniture,South,,4,137.21,548.84
2764,2024-08-19,Filing Cabinet,Furniture,South,Customer 45,2,166.8,333.6
2765,2024-08-19,Filing Cabinet,Furniture,West,Customer 47,1,169.62,169.62
2766,2024-08-19,Notebook Set,Stationery,South,Customer 2,3,13.75,41.25
2767,2024-08-19,Whiteboard,Stationery,East,Customer 49,4,59.06,236.24
2768,2024-08-19,Notebook Set,Stationery,East,Customer 45,4,11.02,44.08
2769,2024-08-19,Office Chair,Furniture,South,Customer 21,6,200.53,1203.18
2770,2024-08-20,Bluetooth Speaker,Electronics,West,Customer 42,1,61.18,61.18
2771,2024-08-20,USB-C Hub,Electronics,East,Customer 58,5,37.38,186.9
2772,2024-08-20,USB-C Hub,Electronics,North,Customer 24,2,38.18,76.36
2773,2024-08-20,Filing Cabinet,Furniture,South,Customer 25,5,138.82,694.1
2774,2024-08-20,Notebook Set,Stationery,North,Customer 23,6,13.32,79.92
2775,2024-08-20,Pen Pack,Stationery,Central,Customer 42,2,9.09,18.18
2776,2024-08-20,Desk Lamp,Furniture,West,Customer 16,5,45.38,226.9
2777,2024-08-20,Wireless Mouse,Electronics,Central,Customer 12,1,24.01,24.01
2778,2024-08-21,Webcam HD,Electronics,North,Customer 50,6,69.57,417.42
2779,2024-08-21,Pen Pack,Stationery,West,Customer 24,6,7.96,47.76
2780,2024-08-21,Wireless Mouse,Electronics,Central,Customer 15,1,23.23,23.23
2781,2024-08-21,Wireless Mouse,Electronics,East,Customer 45,5,26.08,130.4
2782,2024-08-21,Filing Cabinet,Furniture,West,Customer 42,1,164.79,164.79
2783,2024-08-21,Filing Cabinet,Furniture,East,Customer 5,4,146.19,584.76
2784,2024-08-21,Filing Cabinet,Furniture,North,Customer 26,5,141.93,709.65
2785,2024-08-22,Whiteboard,Stationery,North,Customer 34,5,65.75,328.75
2786,2024-08-22,Bluetooth Speaker,Electronics,North,Customer 49,5,59.31,296.55
2787,2024-08-22,Office Chair,Furniture,Central,Customer 45,6,202.39,1214.34
2788,2024-08-22,USB-C Hub,Electronics,North,Customer 3,1,41.55,41.55
2789,2024-08-22,USB-C Hub,Electronics,Central,Customer 17,5,38.06,190.3
2790,2024-08-22,Wireless Mouse,Electronics,East,Customer 35,1,28.62,28.62
2791,2024-08-22,USB-C Hub,Electronics,South,Customer 20,4,45.77,183.08
2792,2024-08-22,Wireless Mouse,Electronics,Central,Customer 29,5,28.15,140.75
2793,2024-08-22,USB-C Hub,Electronics,East,Customer 39,5,40.9,204.5
2794,2024-08-22,Whiteboard,Stationery,North,Customer 16,5,57.15,285.75
2795,2024-08-22,Wireless Mouse,Electronics,South,Customer 9,2,23.39,46.78
2796,2024-08-22,Bluetooth Speaker,Electronics,South,Customer 47,5,52.47,262.35
2797,2024-08-23,Bluetooth Speaker,Electronics,West,Customer 42,4,50.52,202.08
2798,2024-08-23,USB-C Hub,Electronics,West,Customer 45,4,40.56,162.24
2799,2024-08-23,USB-C Hub,Electronics,East,Customer 41,5,38.04,190.2
2800,2024-08-23,Filing Cabinet,Furniture,Central,Customer 39,6,142.22,853.32
2801,2024-08-23,USB-C Hub,Electronics,West,Customer 25,4,44.22,176.88
2802,2024-08-23,Wireless Mouse,Electronics,Central,Customer 8,5,24.05,120.25
2803,2024-08-23,Webcam HD,Electronics,North,Customer 24,5,70.12,350.6
2804,2024-08-23,Desk Lamp,Furniture,East,Customer 1,3,42.15,126.45
2805,2024-08-23,Mechanical Keyboard,Electronics,North,Customer 51,4,97.31,389.24
2806,2024-08-24,Mechanical Keyboard,Electronics,Central,Customer 53,2,87.69,175.38
2807,2024-08-24,Pen Pack,Stationery,East,Customer 36,1,8.26,8.26
2808,2024-08-24,Standing Desk,Furniture,East,Customer 49,5,323.67,1618.35
2809,2024-08-24,Notebook Set,Stationery,Central,Customer 36,2,11.84,23.68
2810,2024-08-24,Bluetooth Speaker,Electronics,North,Customer 44,4,56.06,224.24
2811,2024-08-24,Whiteboard,Stationery,West,Customer 37,6,56.33,337.98
2812,2024-08-24,Filing Cabinet,Furniture,East,Customer 46,3,136.98,410.94
2813,2024-08-25,Office Chair,Furniture,South,Customer 29,6,189.39,1136.34
2814,2024-08-25,Desk Lamp,Furniture,West,Customer 34,4,46.15,184.6
2815,2024-08-25,Filing Cabinet,Furniture,East,Customer 27,2,146.44,292.88
2816,2024-08-25,Desk Lamp,Furniture,South,Customer 6,1,47.64,47.64
2817,2024-08-25,USB-C Hub,Electronics,Central,Customer 60,5,36.57,182.85
2818,2024-08-25,Pen Pack,Stationery,Central,Customer 60,1,9.12,9.12
2819,2024-08-25,Filing Cabinet,Furniture,Central,Customer 45,2,152.99,305.98
2820,2024-08-25,Mechanical Keyboard,Electronics,North,Customer 46,4,76.8,307.2
2821,2024-08-25,Notebook Set,Stationery,Central,Customer 44,6,12.4,74.4
2822,2024-08-25,Bluetooth Speaker,Electronics,Central,Customer 58,1,57.85,57.85
2823,2024-08-26,Office Chair,Furniture,Central,Customer 23,2,165.38,330.76
2824,2024-08-26,Wireless Mouse,Electronics,North,Customer 22,4,25.6,102.4
2825,2024-08-26,Webcam HD,Electronics,North,Customer 19,2,77.56,155.12
2826,2024-08-26,Standing Desk,Furniture,Central,Customer 26,4,340.69,1362.76
2827,2024-08-26,Office Chair,Furniture,Central,Customer 53,3,203.81,611.43
2828,2024-08-26,Wireless Mouse,Electronics,North,Customer 23,4,28.08,112.32
2829,2024-08-26,Wireless Mouse,Electronics,North,Customer 1,5,25.38,126.9
2830,2024-08-26,Desk Lamp,Furniture,North,Customer 28,6,42.59,255.54
2831,2024-08-27,Pen Pack,Stationery,South,Customer 27,2,7.37,14.74
2832,2024-08-27,Mechanical Keyboard,Electronics,East,Customer 15,4,76.65,306.6
2833,2024-08-27,Pen Pack,Stationery,South,Customer 35,4,7.95,31.8
2834,2024-08-27,Standing Desk,Furniture,West,Customer 11,1,401.57,401.57
2835,2024-08-27,USB-C Hub,Electronics,South,Customer 8,85,43.47,3694.95
2836,2024-08-27,Office Chair,Furniture,East,Customer 58,3,163.81,491.43
2837,2024-08-27,Wireless Mouse,Electronics,East,Customer 8,2,26.66,53.32
2838,2024-08-27,Notebook Set,Stationery,South,Customer 21,4,12.45,49.8
2839,2024-08-27,Notebook Set,Stationery,West,Customer 9,5,12.98,64.9
2840,2024-08-27,Mechanical Keyboard,Electronics,East,Customer 33,1,93.35,93.35
2841,2024-08-27,Wireless Mouse,Electronics,East,Customer 28,6,23.98,143.88
2842,2024-08-28,Bluetooth Speaker,Electronics,East,Customer 32,6,49.61,297.66
2843,2024-08-28,Mechanical Keyboard,Electronics,Central,Customer 12,4,81.76,327.04
2844,2024-08-28,Office Chair,Furniture,South,Customer 43,3,196.5,589.5
2845,2024-08-28,Notebook Set,Stationery,North,Customer 45,2,12.22,24.44
2846,2024-08-28,Filing Cabinet,Furniture,Central,Customer 41,5,157.92,789.6
2847,2024-08-28,Webcam HD,Electronics,North,Customer 18,2,67.01,134.02
2848,2024-08-28,Office Chair,Furniture,North,Customer 56,2,181.18,362.36
2849,2024-08-28,Wireless Mouse,Electronics,South,Customer 15,4,25.05,100.2
2850,2024-08-28,Desk Lamp,Furniture,North,Customer 20,4,45.89,183.56
2851,2024-08-28,Mechanical Keyboard,Electronics,West,Customer 16,3,84.23,252.69
2852,2024-08-28,Desk Lamp,Furniture,East,Customer 14,82,42.54,3488.28
2853,2024-08-28,Standing Desk,Furniture,West,Customer 12,4,339.51,1358.04
2854,2024-08-28,Standing Desk,Furniture,North,Customer 43,4,346.81,1387.24
2855,2024-08-29,Wireless Mouse,Electronics,East,Customer 24,6,25.95,155.7
2856,2024-08-29,Filing Cabinet,Furniture,Central,Customer 24,3,162.86,488.58
2857,2024-08-29,Office Chair,Furniture,North,Customer 57,6,174.42,1046.52
2858,2024-08-29,Mechanical Keyboard,Electronics,North,Customer 38,2,89.88,179.76
2859,2024-08-29,Webcam HD,Electronics,North,Customer 5,2,66.38,132.76
2860,2024-08-29,Whiteboard,Stationery,South,Customer 35,5,59.14,295.7
2861,2024-08-29,Filing Cabinet,Furniture,Central,Customer 46,2,136.64,273.28
2862,2024-08-29,Standing Desk,Furniture,West,Customer 41,5,400.32,2001.6
2863,2024-08-29,Filing Cabinet,Furniture,West,Customer 34,1,169.16,169.16
2864,2024-08-29,Whiteboard,Stationery,South,Customer 19,1,56.5,56.5
2865,2024-08-29,Wireless Mouse,Electronics,South,Customer 48,5,22.88,114.4
2866,2024-08-29,Notebook Set,Stationery,North,Customer 11,4,12.85,51.4
2867,2024-08-29,Pen Pack,Stationery,West,Customer 39,5,7.97,39.85
2868,2024-08-29,Standing Desk,Furniture,South,Customer 38,2,331.11,662.22
2869,2024-08-30,Filing Cabinet,Furniture,West,Customer 33,1,167.97,167.97
2870,2024-08-30,Filing Cabinet,Furniture,South,Customer 19,6,154.69,928.14
2871,2024-08-30,Filing Cabinet,Furniture,North,Customer 35,3,155.71,467.13
2872,2024-08-30,Office Chair,Furniture,East,Customer 60,3,163.76,491.28
2873,2024-08-30,USB-C Hub,Electronics,South,Customer 53,3,44.73,134.19
2874,2024-08-30,Office Chair,Furniture,Central,Customer 24,5,167.23,836.15
2875,2024-08-30,Desk Lamp,Furniture,East,Customer 47,1,51.15,51.15
2876,2024-08-30,USB-C Hub,Electronics,North,Customer 41,4,44.98,179.92
2877,2024-08-30,Wireless Mouse,Electronics,South,Customer 17,3,23.87,71.61
2878,2024-08-30,Wireless Mouse,Electronics,Central,Customer 7,5,26.61,133.05
2879,2024-08-31,Filing Cabinet,Furniture,East,Customer 56,6,160.8,964.8
2880,2024-08-31,Webcam HD,Electronics,West,Customer 15,6,73.58,441.48
2881,2024-08-31,Desk Lamp,Furniture,West,Customer 10,3,42.79,128.37
2882,2024-08-31,Pen Pack,Stationery,South,Customer 58,2,8.66,17.32
2883,2024-08-31,Pen Pack,Stationery,South,Customer 13,1,8.19,8.19
2884,2024-08-31,Bluetooth Speaker,Electronics,East,Customer 2,4,62.47,249.88
2885,2024-08-31,Standing Desk,Furniture,Central,Customer 13,2,392.46,784.92
2886,2024-08-31,Mechanical Keyboard,Electronics,West,Customer 7,2,78.03,156.06
2887,2024-08-31,Filing Cabinet,Furniture,North,Customer 39,5,140.15,700.75
2888,2024-09-01,Mechanical Keyboard,Electronics,North,Customer 49,4,84.66,338.64
2889,2024-09-01,Webcam HD,Electronics,East,Customer 10,1,65.31,65.31
2890,2024-09-01,Webcam HD,Electronics,North,Customer 35,5,63.24,316.2
2891,2024-09-01,Filing Cabinet,Furniture,South,Customer 31,3,166.98,500.94
2892,2024-09-01,Bluetooth Speaker,Electronics,West,Customer 10,4,60.71,242.84
2893,2024-09-01,Office Chair,Furniture,Central,Customer 8,1,186.46,186.46
2894,2024-09-01,Wireless Mouse,Electronics,Central,Customer 57,1,23.14,23.14
2895,2024-09-01,Notebook Set,Stationery,South,Customer 28,2,10.8,21.6
2896,2024-09-01,Notebook Set,Stationery,West,Customer 44,2,11.86,23.72
2897,2024-09-01,Filing Cabinet,Furniture,South,Customer 7,1,153.44,153.44
2898,2024-09-01,Standing Desk,Furniture,East,Customer 60,3,321.68,965.04
2899,2024-09-02,Mechanical Keyboard,Electronics,Central,Customer 22,1,89.35,89.35
2900,2024-09-02,Bluetooth Speaker,Electronics,East,Customer 40,2,58.84,117.68
2901,2024-09-02,Standing Desk,Furniture,West,Customer 43,3,391.6,1174.8
2902,2024-09-02,Desk Lamp,Furniture,North,Customer 51,3,49.62,148.86
2903,2024-09-02,Wireless Mouse,Electronics,South,Customer 25,2,27.36,54.72
2904,2024-09-02,Pen Pack,Stationery,North,Customer 8,6,8.79,52.74
2905,2024-09-02,Bluetooth Speaker,Electronics,North,Customer 21,4,62.69,250.76
2906,2024-09-02,USB-C Hub,Electronics,West,Customer 28,2,43.68,87.36
2907,2024-09-02,Pen Pack,Stationery,East,Customer 9,6,9.15,54.9
2908,2024-09-02,Webcam HD,Electronics,Central,Customer 35,2,69.71,139.42
2909,2024-09-02,Pen Pack,Stationery,North,Customer 38,5,8.27,41.35
2910,2024-09-03,Filing Cabinet,Furniture,South,Customer 45,4,154.76,619.04
2911,2024-09-03,Mechanical Keyboard,Electronics,North,Customer 24,2,84.19,168.38
2912,2024-09-03,Whiteboard,Stationery,North,Customer 59,4,68.36,273.44
2913,2024-09-03,Desk Lamp,Furniture,South,Customer 19,3,50.05,150.15
2914,2024-09-03,Pen Pack,Stationery,West,Customer 16,2,8.87,17.74
2915,2024-09-03,Office Chair,Furniture,South,Customer 25,2,164.51,329.02
2916,2024-09-03,Filing Cabinet,Furniture,North,Customer 45,1,161.1,161.1
2917,2024-09-03,Mechanical Keyboard,Electronics,Central,Customer 56,6,88.86,533.16
2918,2024-09-03,USB-C Hub,Electronics,South,Customer 5,1,37.47,37.47
2919,2024-09-03,Wireless Mouse,Electronics,South,Customer 31,5,27.69,138.45
2920,2024-09-03,Filing Cabinet,Furniture,East,Customer 31,2,163.05,326.1
2921,2024-09-03,Notebook Set,Stationery,North,Customer 19,6,11.81,70.86
2922,2024-09-04,Mechanical Keyboard,Electronics,Central,Customer 49,2,77.78,155.56
2923,2024-09-04,USB-C Hub,Electronics,West,Customer 44,5,37.6,188.0
2924,2024-09-04,Pen Pack,Stationery,Central,Customer 33,5,8.62,43.1
2925,2024-09-04,Standing Desk,Furniture,East,Customer 6,6,334.89,2009.34
2926,2024-09-04,Whiteboard,Stationery,South,Customer 26,4,68.67,274.68
2927,2024-09-04,Bluetooth Speaker,Electronics,Central,Customer 39,1,52.51,52.51
2928,2024-09-04,Mechanical Keyboard,Electronics,West,Customer 53,6,86.45,518.7
2929,2024-09-04,Notebook Set,Stationery,West,Customer 13,2,10.96,21.92
2930,2024-09-04,Standing Desk,Furniture,East,Customer 2,1,324.14,324.14
2931,2024-09-04,Office Chair,Furniture,South,Customer 39,3,169.32,507.96
2932,2024-09-05,Wireless Mouse,Electronics,North,Customer 16,3,23.67,71.01
2933,2024-09-05,Standing Desk,Furniture,Central,Customer 51,1,400.46,400.46
2934,2024-09-05,Pen Pack,Stationery,East,Customer 1,1,7.3,7.3
2935,2024-09-05,Desk Lamp,Furniture,East,Customer 49,3,51.29,153.87
2936,2024-09-05,Notebook Set,Stationery,North,Customer 22,6,11.87,71.22
2937,2024-09-05,Notebook Set,Stationery,South,Customer 2,6,12.31,73.86
2938,2024-09-05,Bluetooth Speaker,Electronics,North,Customer 19,4,56.06,224.24
2939,2024-09-05,USB-C Hub,Electronics,North,Customer 46,2,42.82,85.64
2940,2024-09-05,Office Chair,Furniture,South,Customer 33,2,198.34,396.68
2941,2024-09-05,Whiteboard,Stationery,East,Customer 29,6,63.13,378.78
2942,2024-09-06,USB-C Hub,Electronics,West,Customer 3,3,38.91,116.73
2943,2024-09-06,Filing Cabinet,Furniture,Central,Customer 39,6,149.54,897.24
2944,2024-09-06,Mechanical Keyboard,Electronics,North,Customer 52,2,88.55,177.1
2945,2024-09-06,Wireless Mouse,Electronics,North,Customer 32,2,27.29,54.58
2946,2024-09-06,Mechanical Keyboard,Electronics,South,Customer 5,4,83.17,332.68
2947,2024-09-06,Standing Desk,Furniture,South,Customer 46,5,346.79,1733.95
2948,2024-09-06,Pen Pack,Stationery,West,Customer 42,3,9.17,27.51
2949,2024-09-06,USB-C Hub,Electronics,East,Customer 55,1,45.72,45.72
2950,2024-09-06,Standing Desk,Furniture,South,Customer 29,4,350.79,1403.16
2951,2024-09-06,Desk Lamp,Furniture,East,Customer 6,5,50.0,250.0
2952,2024-09-06,Webcam HD,Electronics,North,Customer 40,4,71.85,287.4
2953,2024-09-06,Webcam HD,Electronics,Central,Customer 1,1,75.97,75.97
2954,2024-09-07,USB-C Hub,Electronics,West,Customer 55,1,38.91,38.91
2955,2024-09-07,Mechanical Keyboard,Electronics,North,Customer 23,2,84.75,169.5
2956,2024-09-07,Pen Pack,Stationery,West,Customer 7,4,8.48,33.92
2957,2024-09-07,Mechanical Keyboard,Electronics,West,Customer 50,2,92.05,184.1
2958,2024-09-07,Notebook Set,Stationery,East,Customer 39,2,12.0,24.0
2959,2024-09-07,Pen Pack,Stationery,East,Customer 30,2,8.6,17.2
2960,2024-09-07,Wireless Mouse,Electronics,South,Customer 21,5,23.47,117.35
2961,2024-09-07,Bluetooth Speaker,Electronics,North,Customer 60,1,63.08,63.08
2962,2024-09-07,Desk Lamp,Furniture,South,Customer 56,4,51.51,206.04
2963,2024-09-07,Wireless Mouse,Electronics,South,Customer 6,6,25.14,150.84
2964,2024-09-07,USB-C Hub,Electronics,West,Customer 56,1,38.74,38.74
2965,2024-09-08,Notebook Set,Stationery,South,Customer 54,5,11.44,57.2
2966,2024-09-08,Wireless Mouse,Electronics,East,Customer 11,1,28.09,28.09
2967,2024-09-08,Office Chair,Furniture,Central,Customer 45,3,204.39,613.17
2968,2024-09-08,USB-C Hub,Electronics,Central,Customer 25,6,40.37,242.22
2969,2024-09-08,Wireless Mouse,Electronics,North,Customer 47,5,27.39,136.95
2970,2024-09-08,Webcam HD,Electronics,East,Customer 1,5,73.79,368.95
2971,2024-09-08,USB-C Hub,Electronics,East,Customer 8,4,45.34,181.36
2972,2024-09-09,Webcam HD,Electronics,West,Customer 54,4,67.6,270.4
2973,2024-09-09,USB-C Hub,Electronics,North,Customer 3,6,40.49,242.94
2974,2024-09-09,Office Chair,Furniture,Central,Customer 50,6,206.06,1236.36
2975,2024-09-09,USB-C Hub,Electronics,South,Customer 44,5,39.78,198.9
2976,2024-09-09,Bluetooth Speaker,Electronics,East,Customer 58,1,54.59,54.59
2977,2024-09-09,Standing Desk,Furniture,West,Customer 42,5,386.67,1933.35
2978,2024-09-09,Pen Pack,Stationery,Central,Customer 28,4,8.02,32.08
2979,2024-09-10,Whiteboard,Stationery,West,Customer 24,3,55.7,167.1
2980,2024-09-10,USB-C Hub,Electronics,West,Customer 19,5,41.95,209.75
2981,2024-09-10,Webcam HD,Electronics,Central,Customer 60,6,74.9,449.4
2982,2024-09-10,Mechanical Keyboard,Electronics,North,Customer 40,1,93.63,93.63
2983,2024-09-10,Notebook Set,Stationery,Central,Customer 7,1,12.29,12.29
2984,2024-09-10,Webcam HD,Electronics,East,Customer 55,4,71.81,287.24
2985,2024-09-10,Notebook Set,Stationery,West,Customer 8,2,11.47,22.94
2986,2024-09-10,Office Chair,Furniture,West,Customer 27,4,204.77,819.08
2987,2024-09-10,Webcam HD,Electronics,East,Customer 51,6,76.73,460.38
2988,2024-09-11,Office Chair,Furniture,East,Customer 20,5,174.76,873.8
2989,2024-09-11,Notebook Set,Stationery,West,Customer 3,6,11.52,69.12
2990,2024-09-11,Wireless Mouse,Electronics,Central,Customer 53,1,23.46,23.46
2991,2024-09-11,Filing Cabinet,Furniture,Central,Customer 28,5,146.91,734.55
2992,2024-09-11,Office Chair,Furniture,West,Customer 54,5,205.81,1029.05
2993,2024-09-11,Wireless Mouse,Electronics,West,Customer 47,5,25.18,125.9
2994,2024-09-11,USB-C Hub,Electronics,West,Customer 15,4,45.04,180.16
2995,2024-09-11,Mechanical Keyboard,Electronics,Central,Customer 51,6,93.52,561.12
2996,2024-09-11,Notebook Set,Stationery,South,Customer 21,6,13.55,81.3
2997,2024-09-11,Office Chair,Furniture,Central,Customer 10,1,166.2,166.2
2998,2024-09-12,Wireless Mouse,Electronics,North,Customer 37,5,26.92,134.6
2999,2024-09-12,Notebook Set,Stationery,West,Customer 41,1,13.03,13.03
3000,2024-09-12,Webcam HD,Electronics,South,Customer 20,3,66.26,198.78
3001,2024-09-12,Office Chair,Furniture,West,Customer 50,5,199.82,999.1
3002,2024-09-12,Standing Desk,Furniture,South,Customer 41,6,319.53,1917.18
3003,2024-09-12,Wireless Mouse,Electronics,North,Customer 30,6,28.65,171.9
3004,2024-09-12,Bluetooth Speaker,Electronics,South,Customer 6,1,50.97,50.97
3005,2024-09-12,Mechanical Keyboard,Electronics,South,Customer 26,4,94.45,377.8
3006,2024-09-12,Mechanical Keyboard,Electronics,West,Customer 41,4,93.4,373.6
3007,2024-09-12,Mechanical Keyboard,Electronics,East,Customer 41,2,91.11,182.22
3008,2024-09-12,Pen Pack,Stationery,South,Customer 43,2,7.56,15.12
3009,2024-09-12,Bluetooth Speaker,Electronics,East,Customer 23,6,57.84,347.04
3010,2024-09-12,Pen Pack,Stationery,East,Customer 60,73,8.4,613.2
3011,2024-09-12,Mechanical Keyboard,Electronics,Central,Customer 33,2,89.38,178.76
3012,2024-09-12,USB-C Hub,Electronics,South,Customer 2,2,44.67,89.34
3013,2024-09-12,Desk Lamp,Furniture,South,Customer 18,2,42.97,85.94
3014,2024-09-13,Standing Desk,Furniture,Central,Customer 42,4,332.43,1329.72
3015,2024-09-13,Standing Desk,Furniture,Central,Customer 26,4,380.2,1520.8
3016,2024-09-13,Office Chair,Furniture,East,Customer 26,3,169.78,509.34
3017,2024-09-13,Mechanical Keyboard,Electronics,South,Customer 51,5,93.35,466.75
3018,2024-09-13,Office Chair,Furniture,West,Customer 39,6,183.95,1103.7
3019,2024-09-13,Filing Cabinet,Furniture,Central,Customer 25,3,165.6,496.8
3020,2024-09-13,Notebook Set,Stationery,North,Customer 29,2,12.5,25.0
3021,2024-09-13,USB-C Hub,Electronics,West,Customer 19,1,45.58,45.58
3022,2024-09-13,Bluetooth Speaker,Electronics,West,Customer 2,6,62.57,375.42
3023,2024-09-13,Mechanical Keyboard,Electronics,South,Customer 23,2,93.69,187.38
3024,2024-09-14,Office Chair,Furniture,South,Customer 50,1,171.68,171.68
3025,2024-09-14,Desk Lamp,Furniture,East,Customer 14,1,40.61,40.61
3026,2024-09-14,Pen Pack,Stationery,Central,Customer 5,5,8.79,43.95
3027,2024-09-14,Notebook Set,Stationery,North,Customer 36,3,12.61,37.83
3028,2024-09-15,Standing Desk,Furniture,North,Customer 37,6,368.19,2209.14
3029,2024-09-15,Webcam HD,Electronics,East,Customer 13,4,74.94,299.76
3030,2024-09-15,Office Chair,Furniture,East,Customer 27,1,198.12,198.12
3031,2024-09-15,Mechanical Keyboard,Electronics,Central,Customer 25,1,86.12,86.12
3032,2024-09-15,Office Chair,Furniture,Central,Customer 1,5,162.96,814.8
3033,2024-09-15,Pen Pack,Stationery,North,Customer 58,3,7.46,22.38
3034,2024-09-15,Whiteboard,Stationery,North,Customer 31,5,54.59,272.95
3035,2024-09-15,Mechanical Keyboard,Electronics,East,Customer 26,4,91.87,367.48
3036,2024-09-16,Mechanical Keyboard,Electronics,North,Customer 26,5,92.96,464.8
3037,2024-09-16,Standing Desk,Furniture,North,,6,401.1,2406.6
3038,2024-09-17,Desk Lamp,Furniture,North,Customer 9,5,41.66,208.3
3039,2024-09-17,Mechanical Keyboard,Electronics,South,Customer 11,3,94.8,284.4
3040,2024-09-17,Mechanical Keyboard,Electronics,Central,Customer 1,2,91.89,183.78
3041,2024-09-17,Filing Cabinet,Furniture,North,Customer 4,1,144.74,144.74
3042,2024-09-17,Standing Desk,Furniture,West,Customer 18,1,338.08,338.08
3043,2024-09-17,Filing Cabinet,Furniture,North,Customer 9,2,169.68,339.36
3044,2024-09-17,Desk Lamp,Furniture,West,Customer 41,2,48.97,97.94
3045,2024-09-17,Pen Pack,Stationery,Central,Customer 31,6,7.44,44.64
3046,2024-09-18,Webcam HD,Electronics,West,Customer 15,4,80.09,320.36
3047,2024-09-18,Mechanical Keyboard,Electronics,East,Customer 36,3,92.78,278.34
3048,2024-09-18,Office Chair,Furniture,North,Customer 5,6,191.12,1146.72
3049,2024-09-18,Pen Pack,Stationery,West,Customer 53,1,7.62,7.62
3050,2024-09-18,Notebook Set,Stationery,Central,Customer 49,2,12.26,24.52
3051,2024-09-18,Whiteboard,Stationery,East,Customer 46,5,66.88,334.4
3052,2024-09-18,Pen Pack,Stationery,South,Customer 15,6,7.51,45.06
3053,2024-09-18,Desk Lamp,Furniture,Central,Customer 13,4,51.47,205.88
3054,2024-09-18,Notebook Set,Stationery,East,Customer 56,2,11.01,22.02
3055,2024-09-18,Bluetooth Speaker,Electronics,North,Customer 48,6,50.9,305.4
3056,2024-09-19,Mechanical Keyboard,Electronics,East,Customer 2,2,76.85,153.7
3057,2024-09-19,Pen Pack,Stationery,North,Customer 60,6,8.26,49.56
3058,2024-09-19,Whiteboard,Stationery,West,Customer 33,1,59.32,59.32
3059,2024-09-19,Notebook Set,Stationery,East,Customer 7,5,11.8,59.0
3060,2024-09-19,Wireless Mouse,Electronics,South,Customer 19,6,24.89,149.34
3061,2024-09-19,Office Chair,Furniture,Central,Customer 32,4,169.95,679.8
3062,2024-09-19,Whiteboard,Stationery,South,Customer 8,4,55.64,222.56
3063,2024-09-19,Office Chair,Furniture,East,Customer 16,1,164.39,164.39
3064,2024-09-19,Mechanical Keyboard,Electronics,Central,Customer 45,5,78.65,393.25
3065,2024-09-20,Filing Cabinet,Furniture,East,Customer 32,4,149.7,598.8
3066,2024-09-20,Office Chair,Furniture,East,Customer 46,2,197.36,394.72
3067,2024-09-20,Bluetooth Speaker,Electronics,Central,Customer 59,3,59.59,178.77
3068,2024-09-20,Filing Cabinet,Furniture,South,Customer 11,5,152.88,764.4
3069,2024-09-20,Desk Lamp,Furniture,West,Customer 10,6,41.28,247.68
3070,2024-09-20,Wireless Mouse,Electronics,South,Customer 17,6,25.47,152.82
3071,2024-09-21,Mechanical Keyboard,Electronics,Central,Customer 23,2,90.93,181.86
3072,2024-09-21,Pen Pack,Stationery,West,Customer 8,5,7.2,36.0
3073,2024-09-21,Wireless Mouse,Electronics,South,Customer 34,1,26.05,26.05
3074,2024-09-21,Whiteboard,Stationery,North,Customer 20,2,65.32,130.64
3075,2024-09-21,Filing Cabinet,Furniture,Central,Customer 17,3,151.97,455.91
3076,2024-09-21,Webcam HD,Electronics,East,Customer 20,4,67.44,269.76
3077,2024-09-22,Filing Cabinet,Furniture,Central,Customer 31,3,168.43,505.29
3078,2024-09-22,Mechanical Keyboard,Electronics,North,Customer 10,3,91.07,273.21
3079,2024-09-22,Notebook Set,Stationery,West,Customer 2,2,12.78,25.56
3080,2024-09-22,Office Chair,Furniture,East,Customer 14,5,195.35,976.75
3081,2024-09-22,Filing Cabinet,Furniture,North,Customer 18,1,142.27,142.27
3082,2024-09-22,Webcam HD,Electronics,Central,Customer 12,6,72.54,435.24
3083,2024-09-22,Standing Desk,Furniture,Central,Customer 27,6,345.52,2073.12
3084,2024-09-23,Standing Desk,Furniture,East,Customer 54,3,331.68,995.04
3085,2024-09-23,Bluetooth Speaker,Electronics,East,Customer 19,1,55.46,55.46
3086,2024-09-23,Mechanical Keyboard,Electronics,West,Customer 44,1,87.1,87.1
3087,2024-09-23,USB-C Hub,Electronics,South,Customer 20,5,45.67,228.35
3088,2024-09-23,Pen Pack,Stationery,West,Customer 3,3,7.33,21.99
3089,2024-09-23,Office Chair,Furniture,West,Customer 20,3,199.15,597.45
3090,2024-09-23,Wireless Mouse,Electronics,North,Customer 17,4,24.7,98.8
3091,2024-09-23,USB-C Hub,Electronics,Central,Customer 43,3,44.79,134.37
3092,2024-09-23,Whiteboard,Stationery,South,Customer 47,2,68.31,136.62
3093,2024-09-23,Office Chair,Furniture,South,Customer 3,4,188.34,753.36
3094,2024-09-24,Pen Pack,Stationery,West,Customer 28,3,7.7,23.1
3095,2024-09-24,Notebook Set,Stationery,Central,Customer 20,1,13.48,13.48
3096,2024-09-24,USB-C Hub,Electronics,Central,Customer 9,5,40.36,201.8
3097,2024-09-24,Webcam HD,Electronics,South,Customer 20,2,67.38,134.76
3098,2024-09-24,Standing Desk,Furniture,West,Customer 35,1,341.02,341.02
3099,2024-09-24,USB-C Hub,Electronics,North,Customer 9,4,43.82,175.28
3100,2024-09-25,Whiteboard,Stationery,East,Customer 30,4,64.41,257.64
3101,2024-09-25,Desk Lamp,Furniture,West,Customer 2,4,45.75,183.0
3102,2024-09-25,Whiteboard,Stationery,South,Customer 40,1,68.36,68.36
3103,2024-09-25,Standing Desk,Furniture,Central,Customer 35,2,365.78,731.56
3104,2024-09-25,Bluetooth Speaker,Electronics,South,Customer 26,3,50.24,150.72
3105,2024-09-25,Webcam HD,Electronics,Central,Customer 30,1,71.1,71.1
3106,2024-09-25,Wireless Mouse,Electronics,North,Customer 22,1,22.84,22.84
3107,2024-09-25,Bluetooth Speaker,Electronics,East,Customer 56,1,60.8,60.8
3108,2024-09-25,Wireless Mouse,Electronics,North,Customer 45,1,27.13,27.13
3109,2024-09-25,Office Chair,Furniture,West,Customer 9,5,168.49,842.45
3110,2024-09-25,Office Chair,Furniture,East,Customer 47,6,190.79,1144.74
3111,2024-09-25,Wireless Mouse,Electronics,North,Customer 1,4,26.4,105.6
3112,2024-09-25,USB-C Hub,Electronics,South,Customer 14,5,44.8,224.0
3113,2024-09-25,Mechanical Keyboard,Electronics,West,Customer 4,4,77.02,308.08
3114,2024-09-25,Mechanical Keyboard,Electronics,South,Customer 54,3,85.1,255.3
3115,2024-09-25,Whiteboard,Stationery,Central,Customer 8,3,66.33,198.99
3116,2024-09-26,Notebook Set,Stationery,South,Customer 11,2,12.71,25.42
3117,2024-09-26,Whiteboard,Stationery,West,Customer 19,6,64.49,386.94
3118,2024-09-26,Standing Desk,Furniture,East,Customer 43,6,323.75,1942.5
3119,2024-09-26,Standing Desk,Furniture,West,Customer 27,4,348.76,1395.04
3120,2024-09-26,Notebook Set,Stationery,Central,Customer 25,2,10.88,21.76
3121,2024-09-26,Wireless Mouse,Electronics,Central,Customer 29,5,24.39,121.95
3122,2024-09-26,Wireless Mouse,Electronics,West,Customer 18,3,28.52,85.56
3123,2024-09-26,Wireless Mouse,Electronics,Central,Customer 14,2,24.74,49.48
3124,2024-09-26,Desk Lamp,Furniture,South,Customer 42,6,46.41,278.46
3125,2024-09-26,USB-C Hub,Electronics,West,Customer 46,3,42.56,127.68
3126,2024-09-27,USB-C Hub,Electronics,West,Customer 5,3,43.85,131.55
3127,2024-09-27,Webcam HD,Electronics,South,Customer 37,4,69.59,278.36
3128,2024-09-27,Filing Cabinet,Furniture,South,Customer 45,5,164.08,820.4
3129,2024-09-27,Desk Lamp,Furniture,Central,Customer 54,5,51.25,256.25
3130,2024-09-27,Notebook Set,Stationery,South,Customer 15,1,10.93,10.93
3131,2024-09-28,Mechanical Keyboard,Electronics,West,Customer 21,6,78.76,472.56
3132,2024-09-28,Office Chair,Furniture,South,Customer 47,6,197.8,1186.8
3133,2024-09-28,Notebook Set,Stationery,East,Customer 8,4,13.57,54.28
3134,2024-09-28,Wireless Mouse,Electronics,Central,Customer 41,6,22.96,137.76
3135,2024-09-28,Wireless Mouse,Electronics,West,Customer 9,2,24.51,49.02
3136,2024-09-28,Webcam HD,Electronics,West,Customer 29,5,72.74,363.7
3137,2024-09-28,Webcam HD,Electronics,West,Customer 53,3,66.95,200.85
3138,2024-09-28,Whiteboard,Stationery,North,Customer 14,2,55.29,110.58
3139,2024-09-28,Wireless Mouse,Electronics,West,Customer 37,2,28.08,56.16
3140,2024-09-29,Whiteboard,Stationery,Central,Customer 32,1,59.11,59.11
3141,2024-09-29,Office Chair,Furniture,East,Customer 23,2,187.67,375.34
3142,2024-09-29,Bluetooth Speaker,Electronics,West,Customer 28,5,61.23,306.15
3143,2024-09-29,Webcam HD,Electronics,South,Customer 51,4,78.29,313.16
3144,2024-09-29,Whiteboard,Stationery,North,Customer 39,3,55.51,166.53
3145,2024-09-30,Whiteboard,Stationery,East,Customer 60,3,54.34,163.02
3146,2024-09-30,Standing Desk,Furniture,South,Customer 19,4,376.54,1506.16
3147,2024-09-30,Mechanical Keyboard,Electronics,Central,Customer 33,5,88.73,443.65
3148,2024-10-01,Standing Desk,Furniture,North,Customer 38,4,369.13,1476.52
3149,2024-10-01,Pen Pack,Stationery,West,Customer 17,3,8.51,25.53
3150,2024-10-01,Office Chair,Furniture,South,Customer 36,3,201.96,605.88
3151,2024-10-01,Filing Cabinet,Furniture,North,Customer 16,3,169.66,508.98
3152,2024-10-01,Pen Pack,Stationery,Central,Customer 45,1,8.81,8.81
3153,2024-10-01,Wireless Mouse,Electronics,Central,Customer 48,3,28.63,85.89
3154,2024-10-01,Bluetooth Speaker,Electronics,South,Customer 18,1,61.7,61.7
3155,2024-10-01,Filing Cabinet,Furniture,South,Customer 42,1,138.9,138.9
3156,2024-10-01,Desk Lamp,Furniture,South,Customer 2,4,45.87,183.48
3157,2024-10-01,Wireless Mouse,Electronics,Central,Customer 39,1,27.34,27.34
3158,2024-10-01,Notebook Set,Stationery,West,Customer 4,6,12.85,77.1
3159,2024-10-01,Notebook Set,Stationery,West,Customer 36,4,12.89,51.56
3160,2024-10-01,USB-C Hub,Electronics,East,Customer 23,1,40.38,40.38
3161,2024-10-02,Office Chair,Furniture,South,Customer 6,3,181.64,544.92
3162,2024-10-02,Bluetooth Speaker,Electronics,Central,Customer 37,1,52.62,52.62
3163,2024-10-02,Wireless Mouse,Electronics,North,Customer 5,1,27.96,27.96
3164,2024-10-02,Wireless Mouse,Electronics,East,Customer 23,2,25.24,50.48
3165,2024-10-02,Bluetooth Speaker,Electronics,South,Customer 39,6,61.74,370.44
3166,2024-10-02,Notebook Set,Stationery,North,Customer 17,4,12.77,51.08
3167,2024-10-02,Whiteboard,Stationery,East,Customer 58,2,61.42,122.84
3168,2024-10-02,Office Chair,Furniture,Central,Customer 19,4,194.09,776.36
3169,2024-10-02,Webcam HD,Electronics,Central,Customer 33,2,72.22,144.44
3170,2024-10-02,Mechanical Keyboard,Electronics,Central,Customer 32,1,83.87,83.87
3171,2024-10-03,Standing Desk,Furniture,Central,Customer 15,1,332.81,332.81
3172,2024-10-03,Standing Desk,Furniture,South,Customer 3,6,363.38,2180.28
3173,2024-10-03,Office Chair,Furniture,North,Customer 2,6,181.81,1090.86
3174,2024-10-03,Pen Pack,Stationery,East,Customer 53,1,7.74,7.74
3175,2024-10-03,Mechanical Keyboard,Electronics,West,Customer 2,1,82.43,82.43
3176,2024-10-03,Notebook Set,Stationery,West,Customer 12,4,12.13,48.52
3177,2024-10-04,Webcam HD,Electronics,North,Customer 35,4,72.32,289.28
3178,2024-10-04,Desk Lamp,Furniture,East,Customer 60,1,50.74,50.74
3179,2024-10-04,Standing Desk,Furniture,Central,Customer 28,5,333.95,1669.75
3180,2024-10-04,Notebook Set,Stationery,North,Customer 36,6,13.59,81.54
3181,2024-10-04,Notebook Set,Stationery,Central,Customer 30,6,13.6,81.6
3182,2024-10-04,Notebook Set,Stationery,East,Customer 11,5,12.96,64.8
3183,2024-10-04,Notebook Set,Stationery,South,Customer 59,4,13.04,52.16
3184,2024-10-04,Wireless Mouse,Electronics,North,Customer 16,3,27.5,82.5
3185,2024-10-04,Whiteboard,Stationery,Central,Customer 18,3,59.06,177.18
3186,2024-10-04,Desk Lamp,Furniture,Central,Customer 1,3,47.92,143.76
3187,2024-10-04,Mechanical Keyboard,Electronics,East,Customer 55,3,88.58,265.74
3188,2024-10-05,USB-C Hub,Electronics,West,Customer 3,4,40.63,162.52
3189,2024-10-05,Desk Lamp,Furniture,West,Customer 4,4,47.67,190.68
3190,2024-10-05,Bluetooth Speaker,Electronics,East,Customer 5,1,53.3,53.3
3191,2024-10-05,Pen Pack,Stationery,East,Customer 56,2,7.72,15.44
3192,2024-10-06,Pen Pack,Stationery,Central,Customer 42,2,7.65,15.3
3193,2024-10-06,Wireless Mouse,Electronics,Central,Customer 56,2,23.22,46.44
3194,2024-10-06,Pen Pack,Stationery,South,Customer 4,5,7.83,39.15
3195,2024-10-06,Filing Cabinet,Furniture,East,Customer 35,3,171.57,514.71
3196,2024-10-06,Filing Cabinet,Furniture,North,Customer 33,1,157.52,157.52
3197,2024-10-06,Pen Pack,Stationery,East,Customer 37,1,8.22,8.22
3198,2024-10-06,Desk Lamp,Furniture,East,Customer 10,6,45.18,271.08
3199,2024-10-06,Wireless Mouse,Electronics,West,Customer 58,3,26.29,78.87
3200,2024-10-06,Webcam HD,Electronics,Central,Customer 2,3,71.24,213.72
3201,2024-10-07,USB-C Hub,Electronics,Central,Customer 2,3,36.45,109.35
3202,2024-10-07,Mechanical Keyboard,Electronics,Central,Customer 51,5,80.99,404.95
3203,2024-10-07,Bluetooth Speaker,Electronics,Central,Customer 3,6,54.23,325.38
3204,2024-10-07,Webcam HD,Electronics,North,Customer 5,6,65.63,393.78
3205,2024-10-07,Office Chair,Furniture,Central,Customer 47,5,184.66,923.3
3206,2024-10-07,Notebook Set,Stationery,Central,Customer 52,5,13.0,65.0
3207,2024-10-07,Wireless Mouse,Electronics,West,Customer 21,5,25.45,127.25
3208,2024-10-07,Standing Desk,Furniture,South,Customer 22,2,388.15,776.3
3209,2024-10-07,Office Chair,Furniture,North,Customer 45,3,172.39,517.17
3210,2024-10-07,Office Chair,Furniture,East,Customer 6,4,194.98,779.92
3211,2024-10-07,Desk Lamp,Furniture,West,Customer 39,5,46.19,230.95
3212,2024-10-08,Office Chair,Furniture,South,Customer 60,4,197.38,789.52
3213,2024-10-08,Whiteboard,Stationery,Central,Customer 43,2,65.65,131.3
3214,2024-10-08,USB-C Hub,Electronics,East,Customer 8,5,38.6,193.0
3215,2024-10-08,Mechanical Keyboard,Electronics,Central,Customer 32,4,85.45,341.8
3216,2024-10-08,Webcam HD,Electronics,North,Customer 11,2,78.75,157.5
3217,2024-10-08,Mechanical Keyboard,Electronics,West,Customer 48,4,82.1,328.4
3218,2024-10-08,Mechanical Keyboard,Electronics,North,Customer 45,2,94.98,189.96
3219,2024-10-08,USB-C Hub,Electronics,West,Customer 58,1,37.32,37.32
3220,2024-10-08,Notebook Set,Stationery,South,Customer 46,3,11.18,33.54
3221,2024-10-08,Standing Desk,Furniture,East,Customer 38,1,344.47,344.47
3222,2024-10-08,Bluetooth Speaker,Electronics,North,Customer 48,5,50.98,254.9
3223,2024-10-08,Desk Lamp,Furniture,West,Customer 19,4,50.75,203.0
3224,2024-10-09,Pen Pack,Stationery,Central,Customer 59,6,7.47,44.82
3225,2024-10-09,Whiteboard,Stationery,Central,Customer 24,1,56.28,56.28
3226,2024-10-09,Webcam HD,Electronics,South,Customer 33,6,70.94,425.64
3227,2024-10-09,Filing Cabinet,Furniture,South,Customer 20,5,145.47,727.35
3228,2024-10-09,Pen Pack,Stationery,Central,Customer 38,3,7.3,21.9
3229,2024-10-09,Whiteboard,Stationery,South,Customer 10,4,58.28,233.12
3230,2024-10-09,Wireless Mouse,Electronics,West,Customer 34,6,28.01,168.06
3231,2024-10-09,Standing Desk,Furniture,East,Customer 19,5,391.96,1959.8
3232,2024-10-09,USB-C Hub,Electronics,South,Customer 57,1,38.88,38.88
3233,2024-10-09,USB-C Hub,Electronics,Central,Customer 49,3,45.39,136.17
3234,2024-10-10,Mechanical Keyboard,Electronics,South,Customer 36,2,90.66,181.32
3235,2024-10-10,Whiteboard,Stationery,Central,Customer 35,2,54.41,108.82
3236,2024-10-10,Office Chair,Furniture,East,Customer 14,1,183.98,183.98
3237,2024-10-10,Standing Desk,Furniture,South,Customer 54,5,352.32,1761.6
3238,2024-10-10,Pen Pack,Stationery,North,Customer 29,3,9.04,27.12
3239,2024-10-10,Notebook Set,Stationery,East,Customer 47,4,11.59,46.36
3240,2024-10-10,Webcam HD,Electronics,South,Customer 47,1,79.95,79.95
3241,2024-10-10,Mechanical Keyboard,Electronics,West,Customer 41,3,79.83,239.49
3242,2024-10-10,Filing Cabinet,Furniture,East,Customer 58,5,160.2,801.0
3243,2024-10-11,Wireless Mouse,Electronics,Central,Customer 21,4,23.13,92.52
3244,2024-10-11,Office Chair,Furniture,North,Customer 41,5,191.75,958.75
3245,2024-10-11,Webcam HD,Electronics,South,Customer 44,1,67.3,67.3
3246,2024-10-11,Office Chair,Furniture,South,Customer 47,3,183.16,549.48
3247,2024-10-11,Pen Pack,Stationery,North,Customer 34,3,7.46,22.38
3248,2024-10-11,Filing Cabinet,Furniture,West,Customer 36,6,143.03,858.18
3249,2024-10-12,Bluetooth Speaker,Electronics,East,Customer 40,2,59.26,118.52
3250,2024-10-12,Notebook Set,Stationery,West,Customer 34,6,12.55,75.3
3251,2024-10-12,Webcam HD,Electronics,East,Customer 43,2,78.36,156.72
3252,2024-10-12,Pen Pack,Stationery,East,Customer 35,4,8.79,35.16
3253,2024-10-12,Pen Pack,Stationery,East,Customer 27,3,7.39,22.17
3254,2024-10-12,Pen Pack,Stationery,South,Customer 30,3,7.69,23.07
3255,2024-10-12,Desk Lamp,Furniture,South,Customer 50,6,41.78,250.68
3256,2024-10-12,Pen Pack,Stationery,North,Customer 19,4,8.4,33.6
3257,2024-10-12,Standing Desk,Furniture,West,Customer 4,5,333.82,1669.1
3258,2024-10-12,Whiteboard,Stationery,West,Customer 52,3,57.92,173.76
3259,2024-10-13,Pen Pack,Stationery,East,Customer 32,4,8.0,32.0
3260,2024-10-13,Filing Cabinet,Furniture,East,Customer 29,2,147.74,295.48
3261,2024-10-13,Notebook Set,Stationery,South,Customer 50,2,12.52,25.04
3262,2024-10-13,Webcam HD,Electronics,East,Customer 9,1,79.59,79.59
3263,2024-10-14,Bluetooth Speaker,Electronics,West,Customer 6,5,49.77,248.85
3264,2024-10-14,Filing Cabinet,Furniture,Central,Customer 5,3,169.21,507.63
3265,2024-10-14,Webcam HD,Electronics,South,Customer 11,1,72.08,72.08
3266,2024-10-14,Whiteboard,Stationery,South,Customer 59,4,66.9,267.6
3267,2024-10-14,Desk Lamp,Furniture,South,Customer 1,3,45.15,135.45
3268,2024-10-14,Wireless Mouse,Electronics,Central,Customer 26,1,27.22,27.22
3269,2024-10-14,Pen Pack,Stationery,South,Customer 41,1,7.51,7.51
3270,2024-10-15,Filing Cabinet,Furniture,West,Customer 42,2,136.27,272.54
3271,2024-10-15,Notebook Set,Stationery,North,Customer 5,2,13.25,26.5
3272,2024-10-15,Mechanical Keyboard,Electronics,West,Customer 2,5,91.84,459.2
3273,2024-10-15,Wireless Mouse,Electronics,South,Customer 7,6,27.69,166.14
3274,2024-10-15,Filing Cabinet,Furniture,Central,Customer 55,5,164.72,823.6
3275,2024-10-16,Standing Desk,Furniture,East,Customer 18,3,352.2,1056.6
3276,2024-10-16,Pen Pack,Stationery,Central,Customer 31,2,7.4,14.8
3277,2024-10-16,Notebook Set,Stationery,West,Customer 36,3,12.09,36.27
3278,2024-10-16,Standing Desk,Furniture,Central,Customer 16,4,339.89,1359.56
3279,2024-10-16,Notebook Set,Stationery,East,Customer 49,1,13.78,13.78
3280,2024-10-16,Whiteboard,Stationery,North,Customer 26,6,55.62,333.72
3281,2024-10-16,Office Chair,Furniture,East,Customer 22,4,178.64,714.56
3282,2024-10-16,USB-C Hub,Electronics,South,Customer 14,6,45.76,274.56
3283,2024-10-16,Pen Pack,Stationery,Central,Customer 54,5,7.7,38.5
3284,2024-10-17,Pen Pack,Stationery,South,Customer 4,5,8.65,43.25
3285,2024-10-17,Pen Pack,Stationery,South,Customer 3,3,8.02,24.06
3286,2024-10-17,Desk Lamp,Furniture,North,Customer 18,6,46.86,281.16
3287,2024-10-17,Filing Cabinet,Furniture,Central,Customer 32,2,163.31,326.62
3288,2024-10-17,Desk Lamp,Furniture,West,Customer 33,6,43.15,258.9
3289,2024-10-17,Whiteboard,Stationery,North,Customer 28,6,68.89,413.34
3290,2024-10-17,Filing Cabinet,Furniture,South,Customer 34,1,149.09,149.09
3291,2024-10-17,Filing Cabinet,Furniture,North,Customer 3,1,141.23,141.23
3292,2024-10-17,Notebook Set,Stationery,West,Customer 9,4,11.31,45.24
3293,2024-10-18,Filing Cabinet,Furniture,North,Customer 28,5,150.68,753.4
3294,2024-10-18,Standing Desk,Furniture,Central,Customer 21,6,395.67,2374.02
3295,2024-10-18,Bluetooth Speaker,Electronics,East,Customer 34,3,57.25,171.75
3296,2024-10-18,Webcam HD,Electronics,East,Customer 34,2,77.05,154.1
3297,2024-10-18,Bluetooth Speaker,Electronics,East,Customer 60,3,55.99,167.97
3298,2024-10-18,Filing Cabinet,Furniture,South,Customer 34,6,172.36,1034.16
3299,2024-10-18,Filing Cabinet,Furniture,South,Customer 31,4,135.37,541.48
3300,2024-10-18,Mechanical Keyboard,Electronics,North,Customer 35,1,83.13,83.13
3301,2024-10-18,Pen Pack,Stationery,Central,Customer 11,3,7.39,22.17
3302,2024-10-18,Mechanical Keyboard,Electronics,East,Customer 41,3,90.02,270.06
3303,2024-10-19,Wireless Mouse,Electronics,West,Customer 38,2,24.22,48.44
3304,2024-10-19,Filing Cabinet,Furniture,East,Customer 36,3,148.77,446.31
3305,2024-10-19,Whiteboard,Stationery,South,Customer 7,6,63.89,383.34
3306,2024-10-19,Filing Cabinet,Furniture,North,Customer 9,2,145.5,291.0
3307,2024-10-19,Whiteboard,Stationery,Central,Customer 50,5,63.67,318.35
3308,2024-10-20,Bluetooth Speaker,Electronics,Central,Customer 43,5,53.31,266.55
3309,2024-10-20,Pen Pack,Stationery,South,Customer 6,2,7.54,15.08
3310,2024-10-20,Bluetooth Speaker,Electronics,North,Customer 21,2,51.47,102.94
3311,2024-10-21,Mechanical Keyboard,Electronics,West,Customer 43,1,79.41,79.41
3312,2024-10-21,Pen Pack,Stationery,South,Customer 36,3,7.81,23.43
3313,2024-10-21,Notebook Set,Stationery,East,Customer 20,4,13.12,52.48
3314,2024-10-21,Whiteboard,Stationery,South,Customer 11,3,61.96,185.88
3315,2024-10-22,Webcam HD,Electronics,Central,Customer 29,3,75.45,226.35
3316,2024-10-22,Pen Pack,Stationery,Central,Customer 58,6,8.78,52.68
3317,2024-10-22,Notebook Set,Stationery,East,Customer 55,6,11.84,71.04
3318,2024-10-23,Pen Pack,Stationery,Central,Customer 36,6,7.89,47.34
3319,2024-10-23,Office Chair,Furniture,North,Customer 13,4,178.84,715.36
3320,2024-10-23,Pen Pack,Stationery,East,Customer 7,59,8.25,486.75
3321,2024-10-23,Desk Lamp,Furniture,East,Customer 3,3,46.16,138.48
3322,2024-10-23,Webcam HD,Electronics,East,Customer 18,3,74.23,222.69
3323,2024-10-23,Webcam HD,Electronics,West,Customer 39,1,79.99,79.99
3326,2024-10-24,Filing Cabinet,Furniture,West,Customer 54,2,167.66,335.32
3327,2024-10-24,Mechanical Keyboard,Electronics,East,Customer 7,1,85.92,85.92
3330,2024-10-24,Filing Cabinet,Furniture,East,Customer 34,2,168.96,337.92
3331,2024-10-24,Wireless Mouse,Electronics,North,Customer 5,6,25.02,150.12
3333,2024-10-24,Wireless Mouse,Electronics,West,Customer 12,3,26.3,78.9
3334,2024-10-25,Webcam HD,Electronics,East,Customer 18,6,77.74,466.44
3335,2024-10-26,Whiteboard,Stationery,North,Customer 37,3,55.77,167.31
3336,2024-10-26,Pen Pack,Stationery,North,Customer 12,1,7.43,7.43
3337,2024-10-26,Desk Lamp,Furniture,South,Customer 51,5,47.55,237.75
3338,2024-10-26,Wireless Mouse,Electronics,South,Customer 20,2,26.49,52.98
3339,2024-10-26,Webcam HD,Electronics,South,Customer 20,6,79.5,477.0
3340,2024-10-26,Wireless Mouse,Electronics,South,Customer 37,4,26.91,107.64
3341,2024-10-26,Desk Lamp,Furniture,South,Customer 12,4,43.04,172.16
3342,2024-10-26,Standing Desk,Furniture,West,Customer 23,3,376.04,1128.12
3343,2024-10-26,Bluetooth Speaker,Electronics,West,Customer 54,3,54.3,162.9
3344,2024-10-27,Webcam HD,Electronics,Central,Customer 25,6,77.56,465.36
3345,2024-10-27,USB-C Hub,Electronics,West,Customer 23,5,41.69,208.45
3346,2024-10-27,Webcam HD,Electronics,Central,Customer 36,6,76.93,461.58
3347,2024-10-27,Filing Cabinet,Furniture,East,Customer 14,3,138.4,415.2
3348,2024-10-28,Pen Pack,Stationery,South,Customer 31,3,7.26,21.78
3350,2024-10-28,Bluetooth Speaker,Electronics,East,Customer 56,1,53.93,53.93
3351,2024-10-28,Wireless Mouse,Electronics,North,Customer 12,2,25.13,50.26
3353,2024-10-29,Bluetooth Speaker,Electronics,West,Customer 31,4,57.66,230.64
3354,2024-10-29,Office Chair,Furniture,West,Customer 44,3,194.55,583.65
3355,2024-10-29,Notebook Set,Stationery,South,Customer 49,3,10.92,32.76
3356,2024-10-29,Whiteboard,Stationery,Central,Customer 26,1,60.31,60.31
3358,2024-10-29,Bluetooth Speaker,Electronics,Central,Customer 49,6,62.46,374.76
3359,2024-10-29,USB-C Hub,Electronics,North,Customer 6,2,42.63,85.26
3361,2024-10-29,Wireless Mouse,Electronics,East,Customer 20,6,23.42,140.52
3362,2024-10-29,Mechanical Keyboard,Electronics,North,Customer 47,2,81.52,163.04
3363,2024-10-30,Office Chair,Furniture,East,Customer 1,2,192.81,385.62
3364,2024-10-30,Pen Pack,Stationery,West,Customer 45,2,7.89,15.78
3365,2024-10-30,Office Chair,Furniture,South,Customer 49,4,192.08,768.32
3366,2024-10-30,Mechanical Keyboard,Electronics,South,Customer 26,4,79.23,316.92
3368,2024-10-30,Notebook Set,Stationery,Central,Customer 2,5,11.01,55.05
3369,2024-10-30,Office Chair,Furniture,East,Customer 22,5,170.02,850.1
3370,2024-10-31,Whiteboard,Stationery,North,Customer 42,1,63.16,63.16
3371,2024-10-31,Office Chair,Furniture,East,Customer 28,2,184.5,369.0
3372,2024-10-31,Mechanical Keyboard,Electronics,South,Customer 19,3,84.66,253.98
3373,2024-10-31,Standing Desk,Furniture,East,Customer 27,4,374.09,1496.36
3375,2024-11-01,Mechanical Keyboard,Electronics,West,Customer 52,3,91.08,273.24
3376,2024-11-01,Wireless Mouse,Electronics,West,Customer 44,2,24.49,48.98
3377,2024-11-01,Pen Pack,Stationery,West,Customer 28,1,8.17,8.17
3379,2024-11-02,Pen Pack,Stationery,East,Customer 55,5,7.95,39.75
3380,2024-11-03,Whiteboard,Stationery,West,Customer 35,3,55.68,167.04
3381,2024-11-03,Notebook Set,Stationery,Central,Customer 17,6,11.04,66.24
3382,2024-11-03,Office Chair,Furniture,West,Customer 28,5,198.58,992.9
3384,2024-11-03,Desk Lamp,Furniture,East,Customer 28,1,50.5,50.5
3385,2024-11-04,Desk Lamp,Furniture,Central,Customer 18,6,43.83,262.98
3386,2024-11-04,USB-C Hub,Electronics,East,Customer 20,3,39.57,118.71
3387,2024-11-04,Webcam HD,Electronics,North,Customer 35,1,73.43,73.43
3388,2024-11-04,Filing Cabinet,Furniture,North,Customer 9,4,144.32,577.28
3389,2024-11-04,Filing Cabinet,Furniture,East,Customer 23,2,158.73,317.46
3390,2024-11-04,Pen Pack,Stationery,Central,Customer 37,6,8.43,50.58
3392,2024-11-04,Filing Cabinet,Furniture,Central,Customer 47,6,165.47,992.82
3393,2024-11-04,Mechanical Keyboard,Electronics,West,Customer 26,3,96.21,288.63
3394,2024-11-04,Wireless Mouse,Electronics,North,Customer 54,2,28.44,56.88
3395,2024-11-05,Notebook Set,Stationery,East,Customer 40,1,13.18,13.18
3396,2024-11-05,Whiteboard,Stationery,North,Customer 24,5,66.81,334.05
3398,2024-11-05,Filing Cabinet,Furniture,Central,Customer 26,2,145.38,290.76
3399,2024-11-06,USB-C Hub,Electronics,North,Customer 51,53,38.85,2059.05
3400,2024-11-06,Notebook Set,Stationery,Central,Customer 51,6,11.19,67.14
3401,2024-11-06,Webcam HD,Electronics,East,Customer 15,3,64.7,194.1
3402,2024-11-06,Mechanical Keyboard,Electronics,West,Customer 38,5,82.62,413.1
3404,2024-11-07,Whiteboard,Stationery,West,Customer 10,1,59.14,59.14
3405,2024-11-07,Pen Pack,Stationery,South,Customer 44,6,8.2,49.2
3406,2024-11-07,Notebook Set,Stationery,Central,Customer 6,3,12.01,36.03
3408,2024-11-07,Whiteboard,Stationery,West,Customer 44,3,58.56,175.68
3409,2024-11-07,Pen Pack,Stationery,Central,Customer 23,1,7.51,7.51
3410,2024-11-07,Bluetooth Speaker,Electronics,East,Customer 36,4,55.21,220.84
3411,2024-11-07,Filing Cabinet,Furniture,Central,Customer 9,4,172.11,688.44
3412,2024-11-08,Notebook Set,Stationery,West,Customer 14,5,13.65,68.25
3413,2024-11-08,Office Chair,Furniture,South,Customer 50,1,187.68,187.68
3414,2024-11-08,Filing Cabinet,Furniture,South,Customer 27,4,155.63,622.52
3416,2024-11-09,Webcam HD,Electronics,Central,Customer 35,6,76.33,457.98
3417,2024-11-09,Notebook Set,Stationery,West,Customer 19,2,13.38,26.76
3418,2024-11-09,Pen Pack,Stationery,East,Customer 1,2,9.05,18.1
3419,2024-11-09,Whiteboard,Stationery,North,Customer 25,3,65.44,196.32
3421,2024-11-09,Wireless Mouse,Electronics,Central,Customer 6,5,23.9,119.5
3422,2024-11-10,Bluetooth Speaker,Electronics,East,Customer 40,5,59.57,297.85
3423,2024-11-10,Office Chair,Furniture,North,Customer 24,2,187.62,375.24
3424,2024-11-10,Wireless Mouse,Electronics,West,Customer 36,6,26.26,157.56
3425,2024-11-10,Whiteboard,Stationery,East,Customer 47,2,66.75,133.5
3426,2024-11-10,Office Chair,Furniture,South,Customer 21,2,183.25,366.5
3428,2024-11-11,Pen Pack,Stationery,South,Customer 51,2,8.57,17.14
3429,2024-11-11,USB-C Hub,Electronics,Central,Customer 54,4,41.0,164.0
3430,2024-11-11,Desk Lamp,Furniture,North,Customer 1,2,43.25,86.5
3431,2024-11-11,Filing Cabinet,Furniture,Central,Customer 31,1,160.58,160.58
3432,2024-11-12,Notebook Set,Stationery,Central,Customer 8,1,13.15,13.15
3434,2024-11-12,Pen Pack,Stationery,North,Customer 24,6,7.32,43.92
3435,2024-11-12,Notebook Set,Stationery,West,Customer 28,6,13.58,81.48
3436,2024-11-12,Mechanical Keyboard,Electronics,Central,Customer 49,1,79.6,79.6
3437,2024-11-12,Mechanical Keyboard,Electronics,East,Customer 10,6,80.09,480.54
3439,2024-11-12,Filing Cabinet,Furniture,East,Customer 19,4,163.22,652.88
3440,2024-11-13,Filing Cabinet,Furniture,East,Customer 37,4,147.4,589.6
3441,2024-11-13,Standing Desk,Furniture,Central,Customer 19,5,318.13,1590.65
3442,2024-11-13,Wireless Mouse,Electronics,East,Customer 20,2,28.0,56.0
3443,2024-11-13,Filing Cabinet,Furniture,West,Customer 44,2,156.29,312.58
3445,2024-11-14,Standing Desk,Furniture,South,Customer 38,4,337.51,1350.04
3447,2024-11-14,Whiteboard,Stationery,East,Customer 42,4,61.15,244.6
3448,2024-11-14,USB-C Hub,Electronics,East,Customer 25,5,44.53,222.65
3449,2024-11-14,Pen Pack,Stationery,South,Customer 31,6,7.54,45.24
3450,2024-11-14,Notebook Set,Stationery,South,Customer 20,1,12.81,12.81
3451,2024-11-15,Office Chair,Furniture,North,Customer 42,2,168.75,337.5
3452,2024-11-15,Office Chair,Furniture,North,Customer 54,3,184.45,553.35
3454,2024-11-15,Wireless Mouse,Electronics,Central,Customer 5,4,26.42,105.68
3455,2024-11-15,Standing Desk,Furniture,Central,Customer 56,5,399.14,1995.7
3456,2024-11-16,Mechanical Keyboard,Electronics,South,Customer 17,1,85.99,85.99
3457,2024-11-17,Filing Cabinet,Furniture,South,Customer 15,2,160.86,321.72
3458,2024-11-17,Filing Cabinet,Furniture,Central,Customer 18,6,152.1,912.6
3460,2024-11-18,USB-C Hub,Electronics,South,Customer 38,5,39.03,195.15
3461,2024-11-18,Bluetooth Speaker,Electronics,North,Customer 21,4,55.88,223.52
3462,2024-11-18,Webcam HD,Electronics,North,Customer 31,1,66.44,66.44
3463,2024-11-18,Office Chair,Furniture,West,Customer 20,1,186.41,186.41
3464,2024-11-18,Bluetooth Speaker,Electronics,North,Customer 47,1,57.5,57.5
3465,2024-11-18,Pen Pack,Stationery,Central,Customer 49,6,7.59,45.54
3467,2024-11-18,Webcam HD,Electronics,East,Customer 42,2,68.75,137.5
3468,2024-11-18,Standing Desk,Furniture,East,Customer 44,3,390.89,1172.67
3470,2024-11-18,Wireless Mouse,Electronics,West,Customer 11,3,28.08,84.24
3472,2024-11-19,Pen Pack,Stationery,South,Customer 13,3,8.48,25.44
3473,2024-11-19,Mechanical Keyboard,Electronics,East,Customer 50,2,81.03,162.06
3474,2024-11-19,Whiteboard,Stationery,Central,Customer 14,4,55.54,222.16
3475,2024-11-19,Bluetooth Speaker,Electronics,West,Customer 51,6,51.63,309.78
3476,2024-11-19,USB-C Hub,Electronics,Central,Customer 31,2,42.1,84.2
3477,2024-11-19,Webcam HD,Electronics,East,Customer 15,5,76.8,384.0
3478,2024-11-19,Standing Desk,Furniture,East,Customer 10,4,396.75,1587.0
3482,2024-11-20,Standing Desk,Furniture,East,Customer 19,1,386.62,386.62
3483,2024-11-20,Desk Lamp,Furniture,East,Customer 36,1,44.12,44.12
3485,2024-11-20,Standing Desk,Furniture,West,Customer 47,1,321.51,321.51
3486,2024-11-20,Bluetooth Speaker,Electronics,West,Customer 45,4,62.59,250.36
3487,2024-11-20,Filing Cabinet,Furniture,Central,Customer 25,4,144.37,577.48
3488,2024-11-20,Wireless Mouse,Electronics,Central,Customer 24,1,22.85,22.85
3489,2024-11-21,Pen Pack,Stationery,North,Customer 21,3,7.42,22.26
3490,2024-11-21,Filing Cabinet,Furniture,Central,Customer 20,4,165.91,663.64
3491,2024-11-21,Bluetooth Speaker,Electronics,East,Customer 37,2,57.23,114.46
3492,2024-11-21,Whiteboard,Stationery,East,Customer 45,6,57.91,347.46
3493,2024-11-22,Wireless Mouse,Electronics,East,Customer 55,2,27.33,54.66
3495,2024-11-22,Office Chair,Furniture,East,Customer 17,4,178.3,713.2
3496,2024-11-22,Bluetooth Speaker,Electronics,West,Customer 28,6,62.32,373.92
3498,2024-11-22,Whiteboard,Stationery,North,Customer 33,3,54.24,162.72
3500,2024-11-23,Mechanical Keyboard,Electronics,North,Customer 35,5,78.46,392.3
3501,2024-11-23,USB-C Hub,Electronics,West,Customer 40,5,44.46,222.3
3502,2024-11-24,Webcam HD,Electronics,West,Customer 53,2,76.16,152.32
3503,2024-11-24,Standing Desk,Furniture,South,Customer 42,4,354.49,1417.96
3504,2024-11-24,Desk Lamp,Furniture,West,Customer 34,1,42.54,42.54
3505,2024-11-25,Filing Cabinet,Furniture,North,Customer 26,6,165.76,994.56
3506,2024-11-25,Bluetooth Speaker,Electronics,North,Customer 1,3,49.59,148.77
3507,2024-11-25,Office Chair,Furniture,South,Customer 38,3,181.22,543.66
3508,2024-11-25,Webcam HD,Electronics,South,Customer 50,3,72.32,216.96
3509,2024-11-25,Bluetooth Speaker,Electronics,Central,Customer 10,3,61.78,185.34
3510,2024-11-25,Office Chair,Furniture,North,Customer 35,2,171.28,342.56
3511,2024-11-26,Bluetooth Speaker,Electronics,North,Customer 21,1,60.22,60.22
3512,2024-11-26,Desk Lamp,Furniture,South,Customer 28,2,47.9,95.8
3513,2024-11-26,Standing Desk,Furniture,East,Customer 2,2,396.93,793.86
3515,2024-11-26,Filing Cabinet,Furniture,West,Customer 26,6,142.82,856.92
3516,2024-11-26,Office Chair,Furniture,North,Customer 6,2,196.69,393.38
3517,2024-11-26,USB-C Hub,Electronics,North,Customer 11,5,45.13,225.65
3519,2024-11-26,Desk Lamp,Furniture,Central,Customer 24,4,42.65,170.6
3520,2024-11-26,Pen Pack,Stationery,North,Customer 1,3,8.22,24.66
3521,2024-11-27,Notebook Set,Stationery,East,Customer 24,4,12.0,48.0
3522,2024-11-27,Standing Desk,Furniture,East,Customer 15,1,352.99,352.99
3523,2024-11-27,Filing Cabinet,Furniture,West,Customer 2,1,159.39,159.39
3524,2024-11-27,Standing Desk,Furniture,South,Customer 55,6,371.64,2229.84
3525,2024-11-28,Office Chair,Furniture,South,Customer 9,2,187.41,374.82
3526,2024-11-29,Filing Cabinet,Furniture,South,Customer 56,4,163.59,654.36
3527,2024-11-29,Filing Cabinet,Furniture,South,Customer 27,6,145.99,875.94
3528,2024-11-29,USB-C Hub,Electronics,South,Customer 24,2,45.36,90.72
3530,2024-11-29,Desk Lamp,Furniture,North,Customer 22,3,47.5,142.5
3531,2024-11-29,Wireless Mouse,Electronics,West,Customer 3,4,22.71,90.84
3532,2024-11-29,Whiteboard,Stationery,South,Customer 11,4,65.44,261.76
3533,2024-11-29,Mechanical Keyboard,Electronics,West,Customer 5,1,83.91,83.91
3537,2024-11-30,Filing Cabinet,Furniture,Central,Customer 13,1,152.92,152.92
3538,2024-11-30,USB-C Hub,Electronics,South,Customer 15,2,41.15,82.3
3540,2024-11-30,Bluetooth Speaker,Electronics,East,Customer 22,1,52.93,52.93
3542,2024-12-01,Standing Desk,Furniture,South,Customer 38,2,343.7,687.4
3543,2024-12-01,Filing Cabinet,Furniture,North,Customer 51,1,163.05,163.05
3544,2024-12-01,Office Chair,Furniture,South,Customer 11,2,162.64,325.28
3545,2024-12-02,Notebook Set,Stationery,East,Customer 13,3,10.84,32.52
3546,2024-12-02,Webcam HD,Electronics,West,Customer 40,5,70.1,350.5
3548,2024-12-03,Desk Lamp,Furniture,East,Customer 52,3,51.71,155.13
3549,2024-12-03,Pen Pack,Stationery,East,Customer 49,5,8.11,40.55
3550,2024-12-03,Whiteboard,Stationery,North,Customer 35,3,54.95,164.85
3551,2024-12-03,USB-C Hub,Electronics,North,Customer 8,1,38.27,38.27
3553,2024-12-03,Notebook Set,Stationery,Central,Customer 12,5,13.75,68.75
3554,2024-12-03,Notebook Set,Stationery,South,Customer 50,5,11.38,56.9
3555,2024-12-03,Wireless Mouse,Electronics,Central,Customer 50,2,27.08,54.16
3556,2024-12-03,USB-C Hub,Electronics,Central,Customer 24,5,44.6,223.0
3557,2024-12-04,Whiteboard,Stationery,South,Customer 24,2,64.41,128.82
3558,2024-12-04,USB-C Hub,Electronics,Central,Customer 15,1,42.8,42.8
3559,2024-12-04,Filing Cabinet,Furniture,West,Customer 55,2,155.28,310.56
3560,2024-12-04,Office Chair,Furniture,West,Customer 19,3,164.2,492.6
3561,2024-12-05,Notebook Set,Stationery,West,Customer 21,5,13.72,68.6
3563,2024-12-06,Standing Desk,Furniture,North,Customer 4,2,395.77,791.54
3564,2024-12-06,Notebook Set,Stationery,South,Customer 26,2,11.23,22.46
3565,2024-12-06,USB-C Hub,Electronics,South,Customer 54,6,40.19,241.14
3567,2024-12-06,Notebook Set,Stationery,South,Customer 14,1,12.98,12.98
3569,2024-12-07,Mechanical Keyboard,Electronics,Central,Customer 31,5,83.11,415.55
3573,2024-12-08,Pen Pack,Stationery,West,Customer 49,4,8.37,33.48
3575,2024-12-08,Desk Lamp,Furniture,West,Customer 27,2,50.28,100.56
3577,2024-12-09,Standing Desk,Furniture,East,Customer 23,6,359.43,2156.58
3578,2024-12-09,Mechanical Keyboard,Electronics,South,Customer 38,1,78.65,78.65
3579,2024-12-09,Pen Pack,Stationery,North,Customer 50,2,8.38,16.76
3581,2024-12-09,Whiteboard,Stationery,Central,Customer 54,6,59.74,358.44
3582,2024-12-09,Webcam HD,Electronics,South,Customer 24,1,73.07,73.07
3584,2024-12-09,Filing Cabinet,Furniture,West,Customer 37,1,148.02,148.02
3586,2024-12-09,Wireless Mouse,Electronics,East,Customer 7,2,26.04,52.08
3587,2024-12-10,Standing Desk,Furniture,East,Customer 23,4,385.17,1540.68
3589,2024-12-10,Wireless Mouse,Electronics,East,Customer 50,3,25.36,76.08
3591,2024-12-10,Notebook Set,Stationery,West,Customer 55,3,13.14,39.42
3592,2024-12-10,Mechanical Keyboard,Electronics,South,Customer 21,3,83.98,251.94
3593,2024-12-11,Standing Desk,Furniture,West,Customer 21,1,394.99,394.99
3594,2024-12-11,Bluetooth Speaker,Electronics,South,Customer 17,4,58.29,233.16
3595,2024-12-11,Filing Cabinet,Furniture,East,Customer 49,4,148.15,592.6
3596,2024-12-11,USB-C Hub,Electronics,Central,Customer 20,2,39.23,78.46
3597,2024-12-12,Whiteboard,Stationery,Central,Customer 35,6,63.63,381.78
3598,2024-12-12,USB-C Hub,Electronics,North,Customer 6,4,42.18,168.72
3599,2024-12-12,Filing Cabinet,Furniture,East,Customer 10,5,169.3,846.5
3600,2024-12-12,Filing Cabinet,Furniture,West,Customer 7,3,154.98,464.94
3601,2024-12-12,Filing Cabinet,Furniture,East,Customer 15,3,158.0,474.0
3602,2024-12-12,Pen Pack,Stationery,East,Customer 2,1,7.69,7.69
3604,2024-12-12,Office Chair,Furniture,North,Customer 19,4,191.16,764.64
3605,2024-12-12,Office Chair,Furniture,West,Customer 27,1,200.59,200.59
3606,2024-12-12,Whiteboard,Stationery,South,Customer 55,5,68.98,344.9
3608,2024-12-13,Standing Desk,Furniture,East,Customer 28,6,384.72,2308.32
3609,2024-12-13,Desk Lamp,Furniture,East,Customer 35,3,50.63,151.89
3610,2024-12-13,Desk Lamp,Furniture,South,Customer 51,1,51.28,51.28
3612,2024-12-13,Pen Pack,Stationery,Central,Customer 15,5,7.83,39.15
3613,2024-12-13,Filing Cabinet,Furniture,Central,Customer 53,3,161.91,485.73
3614,2024-12-13,Office Chair,Furniture,West,Customer 40,4,174.11,696.44
3615,2024-12-13,Pen Pack,Stationery,South,Customer 2,4,8.38,33.52
3616,2024-12-13,Whiteboard,Stationery,East,Customer 31,4,62.38,249.52
3617,2024-12-14,Filing Cabinet,Furniture,East,Customer 37,2,137.39,274.78
3619,2024-12-14,USB-C Hub,Electronics,Central,Customer 45,4,38.15,152.6
3620,2024-12-14,Webcam HD,Electronics,Central,Customer 27,3,68.78,206.34
3621,2024-12-14,USB-C Hub,Electronics,North,Customer 40,5,45.8,229.0
3622,2024-12-14,Wireless Mouse,Electronics,North,Customer 40,6,27.22,163.32
3623,2024-12-14,Mechanical Keyboard,Electronics,South,Customer 16,5,85.29,426.45
3624,2024-12-15,Bluetooth Speaker,Electronics,West,Customer 47,2,60.99,121.98
3625,2024-12-15,Mechanical Keyboard,Electronics,Central,Customer 45,3,78.39,235.17
3626,2024-12-16,Webcam HD,Electronics,West,Customer 9,4,77.09,308.36
3628,2024-12-16,Standing Desk,Furniture,South,Customer 15,4,322.94,1291.76
3629,2024-12-16,Desk Lamp,Furniture,North,Customer 34,6,47.62,285.72
3630,2024-12-16,Standing Desk,Furniture,Central,Customer 4,1,391.94,391.94
3631,2024-12-17,Webcam HD,Electronics,North,Customer 1,73,64.67,4720.91
3632,2024-12-17,Desk Lamp,Furniture,Central,Customer 37,4,43.95,175.8
3635,2024-12-17,Desk Lamp,Furniture,South,Customer 33,5,42.49,212.45
3637,2024-12-17,Mechanical Keyboard,Electronics,South,Customer 38,3,96.37,289.11
3638,2024-12-17,Whiteboard,Stationery,Central,Customer 10,2,67.5,135.0
3639,2024-12-18,Bluetooth Speaker,Electronics,Central,Customer 54,3,62.4,187.2
3640,2024-12-18,Notebook Set,Stationery,North,Customer 22,4,13.63,54.52
3641,2024-12-18,Office Chair,Furniture,West,Customer 13,3,168.36,505.08
3642,2024-12-18,Notebook Set,Stationery,West,Customer 52,1,11.87,11.87
3643,2024-12-18,Webcam HD,Electronics,Central,Customer 6,6,76.21,457.26
3644,2024-12-18,Webcam HD,Electronics,Central,Customer 45,6,68.61,411.66
3645,2024-12-19,Whiteboard,Stationery,South,Customer 19,5,59.91,299.55
3646,2024-12-19,Desk Lamp,Furniture,West,Customer 26,2,45.54,91.08
3647,2024-12-19,Notebook Set,Stationery,North,Customer 21,4,11.05,44.2
3648,2024-12-19,Whiteboard,Stationery,East,Customer 50,4,63.14,252.56
3649,2024-12-19,Webcam HD,Electronics,South,Customer 6,6,63.96,383.76
3650,2024-12-19,Standing Desk,Furniture,South,Customer 42,5,380.44,1902.2
3651,2024-12-19,Desk Lamp,Furniture,East,Customer 25,6,41.04,246.24
3657,2024-12-20,Standing Desk,Furniture,East,Customer 12,1,394.13,394.13
3658,2024-12-20,Notebook Set,Stationery,North,Customer 10,2,11.92,23.84
3659,2024-12-21,USB-C Hub,Electronics,West,Customer 44,5,38.46,192.3
3661,2024-12-21,Webcam HD,Electronics,North,Customer 27,6,78.99,473.94
3662,2024-12-21,Notebook Set,Stationery,West,Customer 17,4,11.63,46.52
3663,2024-12-22,Bluetooth Speaker,Electronics,West,Customer 9,1,58.11,58.11
3664,2024-12-22,Webcam HD,Electronics,North,Customer 11,6,66.9,401.4
3665,2024-12-22,Pen Pack,Stationery,East,Customer 44,1,7.57,7.57
3666,2024-12-22,Filing Cabinet,Furniture,East,Customer 55,6,149.93,899.58
3667,2024-12-22,Bluetooth Speaker,Electronics,South,Customer 6,3,50.99,152.97
3668,2024-12-23,Whiteboard,Stationery,North,Customer 31,4,57.01,228.04
3669,2024-12-23,Pen Pack,Stationery,West,Customer 12,1,7.42,7.42
3670,2024-12-23,Mechanical Keyboard,Electronics,Central,Customer 24,6,93.64,561.84
3672,2024-12-23,Whiteboard,Stationery,North,Customer 37,2,65.53,131.06
3673,2024-12-23,Wireless Mouse,Electronics,South,Customer 23,2,24.63,49.26
3674,2024-12-23,Pen Pack,Stationery,West,Customer 10,2,9.0,18.0
3675,2024-12-23,Standing Desk,Furniture,South,Customer 22,5,320.57,1602.85
3676,2024-12-24,Webcam HD,Electronics,North,Customer 54,6,70.68,424.08
3677,2024-12-24,Office Chair,Furniture,South,Customer 36,5,185.79,928.95
3678,2024-12-24,Desk Lamp,Furniture,Central,Customer 35,1,41.75,41.75
3679,2024-12-24,Wireless Mouse,Electronics,East,Customer 24,5,27.0,135.0
3680,2024-12-24,Wireless Mouse,Electronics,North,Customer 25,2,28.13,56.26
3681,2024-12-24,Wireless Mouse,Electronics,Central,Customer 8,5,22.87,114.35
3682,2024-12-25,Office Chair,Furniture,North,Customer 42,6,163.58,981.48
3683,2024-12-25,Pen Pack,Stationery,Central,Customer 25,5,8.49,42.45
3684,2024-12-25,Pen Pack,Stationery,East,Customer 23,6,7.68,46.08
3685,2024-12-25,Webcam HD,Electronics,West,Customer 35,4,71.38,285.52
3686,2024-12-25,Desk Lamp,Furniture,South,Customer 25,2,42.12,84.24
3687,2024-12-25,Standing Desk,Furniture,East,Customer 10,2,347.21,694.42
3688,2024-12-25,Wireless Mouse,Electronics,South,Customer 26,4,25.06,100.24
3691,2024-12-26,Desk Lamp,Furniture,Central,Customer 14,3,44.17,132.51
3692,2024-12-26,Office Chair,Furniture,Central,Customer 24,2,194.07,388.14
3693,2024-12-26,Pen Pack,Stationery,East,Customer 42,5,8.92,44.6
3694,2024-12-26,Standing Desk,Furniture,Central,Customer 42,2,349.37,698.74
3695,2024-12-26,Pen Pack,Stationery,Central,Customer 27,3,9.01,27.03
3697,2024-12-27,Notebook Set,Stationery,North,Customer 45,5,12.1,60.5
3698,2024-12-27,Office Chair,Furniture,Central,Customer 50,4,187.53,750.12
3699,2024-12-27,USB-C Hub,Electronics,South,Customer 10,6,40.02,240.12
3700,2024-12-27,Notebook Set,Stationery,South,Customer 49,3,12.21,36.63
3702,2024-12-28,Webcam HD,Electronics,North,Customer 2,1,74.83,74.83
3703,2024-12-28,Wireless Mouse,Electronics,East,Customer 13,1,24.57,24.57
3704,2024-12-29,Filing Cabinet,Furniture,North,Customer 24,2,170.92,341.84
3705,2024-12-29,Bluetooth Speaker,Electronics,West,Customer 22,3,57.52,172.56
3706,2024-12-29,Filing Cabinet,Furniture,Central,Customer 11,2,145.87,291.74
3707,2024-12-29,USB-C Hub,Electronics,Central,Customer 27,2,40.15,80.3
3708,2024-12-29,USB-C Hub,Electronics,East,Customer 45,5,41.52,207.6
3709,2024-12-29,Office Chair,Furniture,West,Customer 7,1,191.87,191.87
3710,2024-12-29,Wireless Mouse,Electronics,West,Customer 11,2,28.0,56.0
3711,2024-12-30,Wireless Mouse,Electronics,West,Customer 38,5,26.8,134.0
3713,2024-12-30,Bluetooth Speaker,Electronics,East,Customer 5,3,61.68,185.04
3714,2024-12-30,USB-C Hub,Electronics,South,Customer 8,2,42.24,84.48
3715,2024-12-30,Webcam HD,Electronics,North,Customer 23,2,79.83,159.66
3716,2024-12-30,Bluetooth Speaker,Electronics,West,Customer 11,4,49.72,198.88
3718,2024-12-30,Wireless Mouse,Electronics,South,Customer 45,4,24.49,97.96
3719,2024-12-30,Standing Desk,Furniture,North,Customer 18,3,354.28,1062.84
3720,2024-12-31,Filing Cabinet,Furniture,Central,Customer 3,6,152.18,913.08
3721,2024-12-31,USB-C Hub,Electronics,East,Customer 25,5,36.11,180.55
3722,2024-12-31,Office Chair,Furniture,East,Customer 45,4,179.1,716.4
3723,2024-12-31,Notebook Set,Stationery,West,Customer 27,3,11.9,35.7
3724,2025-01-01,Filing Cabinet,Furniture,East,Customer 36,3,139.96,419.88
3727,2025-01-01,Mechanical Keyboard,Electronics,North,Customer 16,1,93.73,93.73
3728,2025-01-01,Mechanical Keyboard,Electronics,South,Customer 50,2,84.43,168.86
3729,2025-01-01,Mechanical Keyboard,Electronics,East,Customer 56,1,76.7,76.7
3731,2025-01-01,Desk Lamp,Furniture,South,Customer 13,6,41.69,250.14
3732,2025-01-02,Filing Cabinet,Furniture,North,Customer 1,1,141.96,141.96
3733,2025-01-02,Notebook Set,Stationery,North,Customer 25,6,11.5,69.0
3735,2025-01-02,Pen Pack,Stationery,Central,Customer 56,5,8.61,43.05
3736,2025-01-02,Wireless Mouse,Electronics,South,Customer 13,4,23.66,94.64
3737,2025-01-02,Standing Desk,Furniture,South,Customer 45,2,391.84,783.68
3738,2025-01-02,Mechanical Keyboard,Electronics,East,Customer 49,6,92.69,556.14
3740,2025-01-03,Notebook Set,Stationery,East,Customer 53,5,12.72,63.6
3741,2025-01-03,Desk Lamp,Furniture,East,Customer 19,6,43.21,259.26
3742,2025-01-03,USB-C Hub,Electronics,North,Customer 40,1,36.62,36.62
3743,2025-01-03,Notebook Set,Stationery,West,Customer 1,1,12.82,12.82
3744,2025-01-03,Filing Cabinet,Furniture,East,Customer 45,6,138.31,829.86
3745,2025-01-03,Webcam HD,Electronics,East,Customer 47,5,74.87,374.35
3747,2025-01-03,Standing Desk,Furniture,South,Customer 15,4,342.43,1369.72
3750,2025-01-05,Pen Pack,Stationery,West,Customer 27,4,7.51,30.04
3751,2025-01-05,Wireless Mouse,Electronics,South,Customer 26,2,27.43,54.86
3752,2025-01-05,Desk Lamp,Furniture,South,Customer 10,1,45.39,45.39
3753,2025-01-06,Bluetooth Speaker,Electronics,West,Customer 10,2,52.48,104.96
3754,2025-01-06,Standing Desk,Furniture,South,Customer 20,3,332.3,996.9
3755,2025-01-06,Whiteboard,Stationery,West,Customer 28,3,57.42,172.26
3756,2025-01-06,Notebook Set,Stationery,East,Customer 7,2,12.26,24.52
3757,2025-01-06,Mechanical Keyboard,Electronics,South,Customer 16,3,91.5,274.5
3758,2025-01-06,Whiteboard,Stationery,North,Customer 20,4,66.05,264.2
3759,2025-01-06,Webcam HD,Electronics,Central,Customer 28,2,68.93,137.86
3760,2025-01-06,Bluetooth Speaker,Electronics,East,Customer 47,1,57.74,57.74
3761,2025-01-06,Desk Lamp,Furniture,West,Customer 5,6,50.22,301.32
3762,2025-01-06,Wireless Mouse,Electronics,East,Customer 45,4,24.81,99.24
3763,2025-01-06,Office Chair,Furniture,West,Customer 51,3,190.52,571.56
3766,2025-01-07,Bluetooth Speaker,Electronics,West,Customer 37,5,52.76,263.8
3767,2025-01-07,Pen Pack,Stationery,West,Customer 49,1,7.83,7.83
3769,2025-01-07,Filing Cabinet,Furniture,South,Customer 51,3,137.51,412.53
3770,2025-01-07,Standing Desk,Furniture,North,Customer 31,6,327.52,1965.12
3771,2025-01-07,Office Chair,Furniture,Central,Customer 31,2,190.49,380.98
3772,2025-01-07,Whiteboard,Stationery,West,Customer 21,2,65.76,131.52
3774,2025-01-08,Bluetooth Speaker,Electronics,South,Customer 34,5,51.15,255.75
3775,2025-01-08,Whiteboard,Stationery,North,Customer 20,3,57.72,173.16
3776,2025-01-08,Standing Desk,Furniture,West,Customer 6,2,327.61,655.22
3778,2025-01-08,Notebook Set,Stationery,East,Customer 7,5,11.27,56.35
3779,2025-01-08,Standing Desk,Furniture,West,Customer 19,4,339.15,1356.6
3780,2025-01-08,USB-C Hub,Electronics,North,Customer 4,5,37.29,186.45
3781,2025-01-08,Desk Lamp,Furniture,West,Customer 36,5,45.87,229.35
3782,2025-01-08,Wireless Mouse,Electronics,South,Customer 21,6,25.21,151.26
3783,2025-01-08,Bluetooth Speaker,Electronics,Central,Customer 3,1,58.35,58.35
3784,2025-01-09,Whiteboard,Stationery,West,Customer 5,1,64.84,64.84
3785,2025-01-09,Mechanical Keyboard,Electronics,South,Customer 6,2,79.72,159.44
3787,2025-01-09,Notebook Set,Stationery,West,Customer 45,5,10.99,54.95
3788,2025-01-09,USB-C Hub,Electronics,West,Customer 11,5,44.23,221.15
3789,2025-01-10,Mechanical Keyboard,Electronics,Central,Customer 2,3,81.33,243.99
3790,2025-01-10,Wireless Mouse,Electronics,North,Customer 3,6,27.77,166.62
3791,2025-01-10,Office Chair,Furniture,South,Customer 33,2,204.75,409.5
3792,2025-01-10,Desk Lamp,Furniture,West,Customer 2,3,44.86,134.58
3793,2025-01-10,Whiteboard,Stationery,West,Customer 36,3,61.38,184.14
3794,2025-01-10,Mechanical Keyboard,Electronics,South,Customer 38,1,80.75,80.75
3795,2025-01-10,Pen Pack,Stationery,East,Customer 33,1,7.9,7.9
3796,2025-01-11,USB-C Hub,Electronics,Central,Customer 19,4,38.13,152.52
3797,2025-01-11,Standing Desk,Furniture,South,Customer 49,5,347.75,1738.75
3798,2025-01-11,Bluetooth Speaker,Electronics,East,Customer 26,3,54.1,162.3
3799,2025-01-12,Mechanical Keyboard,Electronics,Central,Customer 42,6,82.56,495.36
3800,2025-01-12,Webcam HD,Electronics,North,Customer 3,5,76.48,382.4
3801,2025-01-12,Notebook Set,Stationery,South,Customer 49,1,13.03,13.03
3803,2025-01-12,Bluetooth Speaker,Electronics,South,Customer 37,3,54.46,163.38
3804,2025-01-12,Standing Desk,Furniture,South,Customer 54,2,359.72,719.44
3805,2025-01-12,USB-C Hub,Electronics,West,Customer 47,3,38.06,114.18
3807,2025-01-13,Pen Pack,Stationery,South,Customer 5,4,8.32,33.28
3808,2025-01-13,Bluetooth Speaker,Electronics,Central,Customer 4,1,61.66,61.66
3809,2025-01-13,Wireless Mouse,Electronics,West,Customer 47,3,28.31,84.93
3810,2025-01-13,Bluetooth Speaker,Electronics,South,Customer 28,2,50.84,101.68
3811,2025-01-13,Filing Cabinet,Furniture,North,Customer 20,3,137.85,413.55
3812,2025-01-13,Wireless Mouse,Electronics,South,Customer 8,1,24.39,24.39
3813,2025-01-13,Webcam HD,Electronics,West,Customer 12,6,79.67,478.02
3814,2025-01-13,Wireless Mouse,Electronics,Central,Customer 45,1,23.04,23.04
3815,2025-01-13,Whiteboard,Stationery,West,Customer 5,3,58.05,174.15
3816,2025-01-13,Filing Cabinet,Furniture,West,Customer 2,6,140.75,844.5
3817,2025-01-13,Wireless Mouse,Electronics,South,Customer 1,4,25.2,100.8
3820,2025-01-14,Standing Desk,Furniture,North,Customer 42,2,335.55,671.1
3821,2025-01-14,Wireless Mouse,Electronics,West,Customer 51,5,27.72,138.6
3822,2025-01-14,Office Chair,Furniture,East,Customer 6,6,200.18,1201.08
3823,2025-01-14,Bluetooth Speaker,Electronics,South,Customer 24,3,55.77,167.31
3826,2025-01-14,Desk Lamp,Furniture,West,Customer 44,3,42.16,126.48
3827,2025-01-14,Whiteboard,Stationery,Central,Customer 17,4,59.4,237.6
3828,2025-01-14,USB-C Hub,Electronics,West,Customer 49,3,45.25,135.75
3830,2025-01-15,Webcam HD,Electronics,South,Customer 55,2,73.48,146.96
3831,2025-01-15,Bluetooth Speaker,Electronics,West,Customer 6,2,62.94,125.88
3832,2025-01-15,Notebook Set,Stationery,Central,Customer 7,1,13.77,13.77
3834,2025-01-15,Office Chair,Furniture,North,Customer 21,6,193.94,1163.64
3835,2025-01-15,Filing Cabinet,Furniture,West,Customer 15,3,155.57,466.71
3836,2025-01-16,Bluetooth Speaker,Electronics,North,Customer 15,3,59.81,179.43
3838,2025-01-16,Wireless Mouse,Electronics,North,Customer 45,5,27.5,137.5
3840,2025-01-17,Webcam HD,Electronics,North,Customer 2,1,79.65,79.65
3841,2025-01-17,Standing Desk,Furniture,North,Customer 5,1,333.12,333.12
3843,2025-01-18,Notebook Set,Stationery,West,Customer 24,1,12.89,12.89
3846,2025-01-18,Desk Lamp,Furniture,West,Customer 49,3,40.85,122.55
3847,2025-01-18,Whiteboard,Stationery,East,Customer 44,1,60.34,60.34
3848,2025-01-19,Pen Pack,Stationery,North,Customer 31,1,7.96,7.96
3850,2025-01-19,Notebook Set,Stationery,West,Customer 3,6,11.81,70.86
3852,2025-01-20,Bluetooth Speaker,Electronics,Central,Customer 56,4,50.81,203.24
3853,2025-01-20,Webcam HD,Electronics,Central,Customer 12,1,79.37,79.37
3854,2025-01-20,Pen Pack,Stationery,Central,Customer 42,3,8.59,25.77
3857,2025-01-20,Desk Lamp,Furniture,North,Customer 13,4,41.73,166.92
3858,2025-01-20,Pen Pack,Stationery,South,Customer 50,4,7.7,30.8
3859,2025-01-20,Notebook Set,Stationery,Central,Customer 55,1,11.71,11.71
3860,2025-01-20,Pen Pack,Stationery,North,Customer 7,2,8.63,17.26
3861,2025-01-20,USB-C Hub,Electronics,Central,Customer 37,2,37.32,74.64
3862,2025-01-20,Wireless Mouse,Electronics,West,Customer 2,4,25.6,102.4
3863,2025-01-20,Filing Cabinet,Furniture,Central,Customer 7,5,168.66,843.3
3864,2025-01-20,Notebook Set,Stationery,West,Customer 5,4,10.9,43.6
3865,2025-01-21,Mechanical Keyboard,Electronics,East,Customer 31,1,82.08,82.08
3866,2025-01-21,Notebook Set,Stationery,South,Customer 8,5,13.56,67.8
3868,2025-01-21,Webcam HD,Electronics,North,Customer 51,5,69.53,347.65
3869,2025-01-21,Webcam HD,Electronics,North,Customer 15,2,73.19,146.38
3870,2025-01-21,Office Chair,Furniture,West,Customer 1,2,175.52,351.04
3872,2025-01-22,Standing Desk,Furniture,South,Customer 21,5,361.42,1807.1
3873,2025-01-22,Office Chair,Furniture,West,Customer 31,4,198.06,792.24
3874,2025-01-22,Pen Pack,Stationery,Central,Customer 55,2,7.4,14.8
3875,2025-01-22,Mechanical Keyboard,Electronics,South,Customer 56,2,90.68,181.36
3876,2025-01-22,Mechanical Keyboard,Electronics,Central,Customer 11,4,87.41,349.64
3877,2025-01-22,Office Chair,Furniture,East,Customer 15,6,195.9,1175.4
3878,2025-01-23,Standing Desk,Furniture,East,Customer 50,4,320.22,1280.88
3879,2025-01-23,Notebook Set,Stationery,East,Customer 26,1,11.38,11.38
3880,2025-01-23,Pen Pack,Stationery,South,Customer 31,5,8.87,44.35
3881,2025-01-23,Bluetooth Speaker,Electronics,South,Customer 16,5,61.72,308.6
3883,2025-01-23,Wireless Mouse,Electronics,South,Customer 50,4,22.91,91.64
3884,2025-01-23,Webcam HD,Electronics,West,Customer 42,1,69.47,69.47
3885,2025-01-24,Desk Lamp,Furniture,East,Customer 55,3,49.91,149.73
3886,2025-01-24,Pen Pack,Stationery,Central,Customer 45,5,8.18,40.9
3887,2025-01-24,Whiteboard,Stationery,Central,Customer 9,6,63.08,378.48
3888,2025-01-24,Pen Pack,Stationery,East,Customer 35,3,7.38,22.14
3891,2025-01-24,Office Chair,Furniture,South,Customer 53,5,170.61,853.05
3892,2025-01-24,Desk Lamp,Furniture,Central,Customer 28,5,48.11,240.55
3893,2025-01-24,Webcam HD,Electronics,South,Customer 52,6,66.3,397.8
3894,2025-01-24,Filing Cabinet,Furniture,Central,Customer 36,3,142.12,426.36
3895,2025-01-24,Desk Lamp,Furniture,South,Customer 8,2,49.48,98.96
3897,2025-01-25,Webcam HD,Electronics,West,Customer 24,3,66.2,198.6
3899,2025-01-25,Whiteboard,Stationery,East,Customer 8,3,56.2,168.6
3901,2025-01-25,Pen Pack,Stationery,East,Customer 33,4,9.07,36.28
3903,2025-01-25,Pen Pack,Stationery,East,Customer 8,5,7.42,37.1
3904,2025-01-25,USB-C Hub,Electronics,North,Customer 3,2,37.23,74.46
3905,2025-01-26,Mechanical Keyboard,Electronics,South,Customer 51,3,78.78,236.34
3906,2025-01-26,Mechanical Keyboard,Electronics,Central,Customer 4,6,91.09,546.54
3907,2025-01-26,Wireless Mouse,Electronics,East,Customer 19,1,24.61,24.61
3908,2025-01-26,Notebook Set,Stationery,Central,Customer 49,2,11.49,22.98
3909,2025-01-26,Standing Desk,Furniture,North,Customer 36,5,345.94,1729.7
3910,2025-01-26,Bluetooth Speaker,Electronics,West,Customer 14,3,59.98,179.94
3912,2025-01-26,Bluetooth Speaker,Electronics,South,Customer 55,3,60.63,181.89
3914,2025-01-27,Office Chair,Furniture,East,Customer 28,3,166.83,500.49
3915,2025-01-27,Bluetooth Speaker,Electronics,South,Customer 7,5,61.18,305.9
3916,2025-01-27,Mechanical Keyboard,Electronics,West,Customer 55,4,91.64,366.56
3918,2025-01-27,Webcam HD,Electronics,East,Customer 21,4,70.64,282.56
3920,2025-01-27,Office Chair,Furniture,West,Customer 11,3,168.5,505.5
3922,2025-01-28,Filing Cabinet,Furniture,West,Customer 2,3,168.69,506.07
3925,2025-01-28,Notebook Set,Stationery,West,Customer 17,6,12.14,72.84
3926,2025-01-28,Desk Lamp,Furniture,East,Customer 31,2,43.53,87.06
3928,2025-01-29,Whiteboard,Stationery,East,Customer 4,2,66.69,133.38
3929,2025-01-29,Office Chair,Furniture,Central,Customer 45,1,193.82,193.82
3931,2025-01-29,USB-C Hub,Electronics,South,Customer 15,3,37.42,112.26
3932,2025-01-29,Notebook Set,Stationery,North,Customer 40,3,11.3,33.9
3933,2025-01-29,Wireless Mouse,Electronics,South,Customer 19,5,26.59,132.95
3934,2025-01-29,Whiteboard,Stationery,South,Customer 2,4,68.13,272.52
3935,2025-01-29,Office Chair,Furniture,North,Customer 18,5,194.06,970.3
3936,2025-01-29,USB-C Hub,Electronics,East,Customer 47,5,37.24,186.2
3937,2025-01-29,USB-C Hub,Electronics,North,Customer 21,2,41.34,82.68
3939,2025-01-29,Wireless Mouse,Electronics,South,Customer 55,4,23.34,93.36
3940,2025-01-29,USB-C Hub,Electronics,Central,Customer 51,2,44.62,89.24
3942,2025-01-30,Office Chair,Furniture,North,Customer 25,2,190.81,381.62
3943,2025-01-30,USB-C Hub,Electronics,West,Customer 44,1,38.87,38.87
3945,2025-01-30,Webcam HD,Electronics,West,Customer 49,5,69.19,345.95
3946,2025-01-30,Standing Desk,Furniture,West,Customer 9,5,396.98,1984.9
3947,2025-01-30,Wireless Mouse,Electronics,East,Customer 8,2,22.96,45.92
3948,2025-01-30,Bluetooth Speaker,Electronics,North,Customer 21,4,54.76,219.04
3950,2025-01-30,Bluetooth Speaker,Electronics,West,Customer 16,6,51.42,308.52
3955,2025-01-31,Notebook Set,Stationery,East,Customer 23,6,13.42,80.52
3956,2025-01-31,Whiteboard,Stationery,West,Customer 5,5,61.16,305.8
3957,2025-01-31,Desk Lamp,Furniture,South,Customer 1,3,42.68,128.04
3958,2025-01-31,Mechanical Keyboard,Electronics,North,Customer 2,2,92.32,184.64
3959,2025-01-31,Whiteboard,Stationery,West,Customer 26,2,63.46,126.92
3960,2025-02-01,Desk Lamp,Furniture,East,Customer 24,5,45.68,228.4
3961,2025-02-01,Wireless Mouse,Electronics,West,Customer 28,5,26.16,130.8
3962,2025-02-01,Whiteboard,Stationery,Central,Customer 33,1,63.99,63.99
3963,2025-02-01,Mechanical Keyboard,Electronics,West,Customer 47,2,96.33,192.66
3964,2025-02-01,Filing Cabinet,Furniture,South,Customer 6,6,145.02,870.12
3965,2025-02-01,Bluetooth Speaker,Electronics,North,Customer 20,4,53.29,213.16
3966,2025-02-01,Wireless Mouse,Electronics,West,Customer 52,2,23.72,47.44
3967,2025-02-01,USB-C Hub,Electronics,South,Customer 1,4,41.47,165.88
3968,2025-02-01,Mechanical Keyboard,Electronics,West,Customer 51,2,94.75,189.5
3969,2025-02-01,Mechanical Keyboard,Electronics,West,Customer 8,2,86.45,172.9
3970,2025-02-02,Mechanical Keyboard,Electronics,Central,Customer 47,6,86.27,517.62
3971,2025-02-02,Desk Lamp,Furniture,Central,Customer 36,4,51.25,205.0
3973,2025-02-02,Webcam HD,Electronics,Central,Customer 50,6,73.32,439.92
3974,2025-02-02,Office Chair,Furniture,East,Customer 22,2,198.67,397.34
3975,2025-02-02,Whiteboard,Stationery,West,Customer 4,3,61.48,184.44
3976,2025-02-02,Bluetooth Speaker,Electronics,South,Customer 36,3,60.52,181.56
3978,2025-02-02,Mechanical Keyboard,Electronics,West,Customer 27,6,88.02,528.12
3979,2025-02-03,Bluetooth Speaker,Electronics,Central,Customer 31,3,53.61,160.83
3980,2025-02-03,Webcam HD,Electronics,North,Customer 28,1,76.56,76.56
3981,2025-02-03,Notebook Set,Stationery,North,Customer 22,4,11.26,45.04
3983,2025-02-03,Notebook Set,Stationery,South,Customer 19,5,11.44,57.2
3984,2025-02-04,Office Chair,Furniture,Central,Customer 21,5,198.2,991.0
3985,2025-02-04,Bluetooth Speaker,Electronics,North,Customer 51,4,61.23,244.92
3987,2025-02-04,Filing Cabinet,Furniture,West,Customer 12,6,140.7,844.2
3989,2025-02-04,Bluetooth Speaker,Electronics,East,Customer 7,1,50.06,50.06
3990,2025-02-05,Wireless Mouse,Electronics,North,Customer 53,5,23.01,115.05
3991,2025-02-05,Office Chair,Furniture,West,Customer 7,2,202.37,404.74
3992,2025-02-05,Standing Desk,Furniture,North,Customer 54,5,340.5,1702.5
3993,2025-02-05,Bluetooth Speaker,Electronics,East,Customer 11,3,51.41,154.23
3994,2025-02-05,Webcam HD,Electronics,South,Customer 45,6,72.01,432.06
3995,2025-02-05,Standing Desk,Furniture,South,Customer 45,1,349.42,349.42
3996,2025-02-05,Pen Pack,Stationery,East,Customer 42,4,7.92,31.68
3998,2025-02-05,Desk Lamp,Furniture,South,Customer 3,2,43.21,86.42
4000,2025-02-05,USB-C Hub,Electronics,East,Customer 45,2,43.23,86.46
4001,2025-02-05,Desk Lamp,Furniture,West,Customer 8,5,43.19,215.95
4002,2025-02-06,Webcam HD,Electronics,Central,Customer 20,6,79.5,477.0
4003,2025-02-06,Filing Cabinet,Furniture,East,Customer 11,2,168.58,337.16
4004,2025-02-06,Notebook Set,Stationery,East,Customer 25,2,11.84,23.68
4007,2025-02-06,Bluetooth Speaker,Electronics,South,Customer 17,6,52.03,312.18
4008,2025-02-06,Notebook Set,Stationery,South,Customer 3,1,12.26,12.26
4011,2025-02-07,Desk Lamp,Furniture,East,Customer 1,6,44.36,266.16
4012,2025-02-07,Mechanical Keyboard,Electronics,South,Customer 14,4,92.9,371.6
4013,2025-02-07,USB-C Hub,Electronics,Central,Customer 18,3,42.8,128.4
4016,2025-02-07,Filing Cabinet,Furniture,West,Customer 3,5,155.52,777.6
4017,2025-02-07,Standing Desk,Furniture,North,Customer 31,3,316.57,949.71
4019,2025-02-08,Desk Lamp,Furniture,North,Customer 53,5,43.01,215.05
4020,2025-02-08,Office Chair,Furniture,East,Customer 1,6,202.7,1216.2
4021,2025-02-08,Whiteboard,Stationery,West,Customer 16,2,54.61,109.22
4022,2025-02-08,Notebook Set,Stationery,East,Customer 35,1,12.09,12.09
4023,2025-02-08,Whiteboard,Stationery,East,Customer 50,4,54.25,217.0
4024,2025-02-08,Bluetooth Speaker,Electronics,South,Customer 35,6,50.2,301.2
4026,2025-02-08,Notebook Set,Stationery,South,Customer 1,5,12.98,64.9
4027,2025-02-08,Webcam HD,Electronics,West,Customer 2,4,64.39,257.56
4029,2025-02-08,Standing Desk,Furniture,West,Customer 14,6,337.5,2025.0
4030,2025-02-08,Filing Cabinet,Furniture,East,Customer 20,2,148.55,297.1
4031,2025-02-09,Whiteboard,Stationery,South,Customer 56,6,62.23,373.38
4032,2025-02-09,Mechanical Keyboard,Electronics,East,Customer 12,1,96.76,96.76
4034,2025-02-09,Whiteboard,Stationery,North,Customer 23,1,61.22,61.22
4035,2025-02-09,Mechanical Keyboard,Electronics,Central,Customer 17,3,80.25,240.75
4036,2025-02-09,Filing Cabinet,Furniture,North,Customer 5,1,169.16,169.16
4037,2025-02-09,USB-C Hub,Electronics,Central,Customer 13,2,39.42,78.84
4038,2025-02-09,Pen Pack,Stationery,West,Customer 51,6,7.9,47.4
4039,2025-02-09,Notebook Set,Stationery,West,Customer 14,1,13.22,13.22
4041,2025-02-09,Filing Cabinet,Furniture,West,Customer 36,1,171.61,171.61
4042,2025-02-09,Pen Pack,Stationery,North,Customer 3,4,7.84,31.36
4043,2025-02-09,Pen Pack,Stationery,East,Customer 42,2,7.21,14.42
4044,2025-02-10,Desk Lamp,Furniture,East,Customer 56,4,48.93,195.72
4045,2025-02-10,Pen Pack,Stationery,Central,Customer 36,1,7.47,7.47
4046,2025-02-10,Mechanical Keyboard,Electronics,Central,Customer 47,5,79.39,396.95
4047,2025-02-10,Desk Lamp,Furniture,East,Customer 16,1,47.53,47.53
4048,2025-02-10,Standing Desk,Furniture,North,Customer 4,5,386.94,1934.7
4049,2025-02-10,Standing Desk,Furniture,East,Customer 53,6,399.36,2396.16
4050,2025-02-10,Notebook Set,Stationery,North,Customer 34,2,11.64,23.28
4051,2025-02-10,Desk Lamp,Furniture,West,Customer 2,1,46.11,46.11
4053,2025-02-10,Whiteboard,Stationery,North,Customer 7,5,62.99,314.95
4054,2025-02-10,Standing Desk,Furniture,Central,Customer 14,3,342.85,1028.55
4055,2025-02-10,Bluetooth Speaker,Electronics,Central,Customer 49,1,52.68,52.68
4056,2025-02-11,Whiteboard,Stationery,Central,Customer 56,1,66.17,66.17
4057,2025-02-11,Filing Cabinet,Furniture,East,Customer 7,5,146.15,730.75
4059,2025-02-11,Desk Lamp,Furniture,North,Customer 38,3,48.84,146.52
4060,2025-02-11,Wireless Mouse,Electronics,East,Customer 26,1,28.07,28.07
4062,2025-02-11,Office Chair,Furniture,Central,Customer 45,1,177.03,177.03
4063,2025-02-11,Mechanical Keyboard,Electronics,South,Customer 11,6,93.76,562.56
4064,2025-02-12,Filing Cabinet,Furniture,North,Customer 44,6,154.11,924.66
4066,2025-02-12,Whiteboard,Stationery,West,Customer 13,2,54.89,109.78
4067,2025-02-12,Whiteboard,Stationery,Central,Customer 27,3,59.16,177.48
4069,2025-02-12,Notebook Set,Stationery,North,Customer 26,3,12.75,38.25
4070,2025-02-12,Bluetooth Speaker,Electronics,Central,Customer 12,2,59.77,119.54
4072,2025-02-12,Wireless Mouse,Electronics,North,Customer 44,2,28.74,57.48
4073,2025-02-12,Notebook Set,Stationery,North,Customer 37,2,13.7,27.4
4074,2025-02-12,Wireless Mouse,Electronics,North,Customer 27,6,23.81,142.86
4075,2025-02-12,Mechanical Keyboard,Electronics,North,Customer 56,3,80.88,242.64
4076,2025-02-12,Desk Lamp,Furniture,Central,Customer 44,3,51.49,154.47
4077,2025-02-12,Standing Desk,Furniture,South,Customer 14,4,373.02,1492.08
4080,2025-02-13,USB-C Hub,Electronics,West,Customer 34,1,43.81,43.81
4081,2025-02-13,Standing Desk,Furniture,South,Customer 19,2,351.17,702.34
4082,2025-02-13,Standing Desk,Furniture,Central,Customer 5,2,352.29,704.58
4083,2025-02-13,Bluetooth Speaker,Electronics,West,Customer 13,4,54.28,217.12
4084,2025-02-13,Filing Cabinet,Furniture,East,Customer 11,3,166.48,499.44
4085,2025-02-13,Pen Pack,Stationery,South,Customer 42,2,8.08,16.16
4086,2025-02-13,Pen Pack,Stationery,Central,Customer 42,4,7.64,30.56
4087,2025-02-13,USB-C Hub,Electronics,East,Customer 45,1,38.68,38.68
4089,2025-02-14,Notebook Set,Stationery,North,Customer 16,1,10.99,10.99
4090,2025-02-14,Standing Desk,Furniture,Central,Customer 55,3,385.85,1157.55
4092,2025-02-14,Pen Pack,Stationery,East,Customer 50,5,7.21,36.05
4093,2025-02-14,Filing Cabinet,Furniture,West,Customer 13,5,150.74,753.7
4094,2025-02-14,USB-C Hub,Electronics,West,Customer 17,1,43.33,43.33
4095,2025-02-14,Filing Cabinet,Furniture,Central,Customer 37,3,156.98,470.94
4097,2025-02-14,Office Chair,Furniture,West,Customer 49,3,164.06,492.18
4098,2025-02-14,Office Chair,Furniture,Central,Customer 2,5,177.0,885.0
4099,2025-02-15,Filing Cabinet,Furniture,South,Customer 27,1,138.87,138.87
4100,2025-02-15,Wireless Mouse,Electronics,North,Customer 7,2,25.42,50.84
4101,2025-02-15,Webcam HD,Electronics,South,Customer 14,5,70.72,353.6
4102,2025-02-15,Desk Lamp,Furniture,Central,Customer 27,1,40.91,40.91
4103,2025-02-15,Mechanical Keyboard,Electronics,South,Customer 6,3,90.16,270.48
4104,2025-02-15,Desk Lamp,Furniture,East,Customer 51,2,47.38,94.76
4105,2025-02-15,Bluetooth Speaker,Electronics,South,Customer 3,5,59.76,298.8
4107,2025-02-16,Pen Pack,Stationery,North,Customer 6,2,8.79,17.58
4108,2025-02-16,Whiteboard,Stationery,North,Customer 28,5,57.44,287.2
4109,2025-02-16,Filing Cabinet,Furniture,Central,Customer 45,3,170.05,510.15
4110,2025-02-16,USB-C Hub,Electronics,Central,Customer 2,1,43.39,43.39
4112,2025-02-17,Wireless Mouse,Electronics,South,Customer 9,6,23.62,141.72
4113,2025-02-17,Standing Desk,Furniture,Central,Customer 9,4,320.36,1281.44
4115,2025-02-17,Standing Desk,Furniture,South,Customer 31,6,352.78,2116.68
4116,2025-02-17,Notebook Set,Stationery,South,Customer 44,1,11.31,11.31
4117,2025-02-17,Notebook Set,Stationery,North,Customer 10,1,11.05,11.05
4118,2025-02-17,Notebook Set,Stationery,South,Customer 18,1,12.1,12.1
4120,2025-02-17,Bluetooth Speaker,Electronics,South,Customer 54,5,63.04,315.2
4121,2025-02-17,Bluetooth Speaker,Electronics,West,Customer 28,5,58.58,292.9
4122,2025-02-18,USB-C Hub,Electronics,East,Customer 17,5,44.37,221.85
4123,2025-02-18,Bluetooth Speaker,Electronics,North,Customer 13,2,62.24,124.48
4124,2025-02-18,Notebook Set,Stationery,North,Customer 56,3,11.93,35.79
4125,2025-02-18,Bluetooth Speaker,Electronics,North,Customer 15,1,60.45,60.45
4126,2025-02-18,Filing Cabinet,Furniture,Central,Customer 31,6,155.01,930.06
4127,2025-02-18,Notebook Set,Stationery,South,Customer 4,6,12.54,75.24
4128,2025-02-18,Whiteboard,Stationery,South,Customer 16,2,62.09,124.18
4129,2025-02-19,Wireless Mouse,Electronics,North,Customer 16,5,27.86,139.3
4130,2025-02-19,Whiteboard,Stationery,North,Customer 17,5,55.25,276.25
4131,2025-02-19,Standing Desk,Furniture,North,Customer 28,3,363.03,1089.09
4132,2025-02-19,Pen Pack,Stationery,North,Customer 34,2,7.48,14.96
4133,2025-02-19,USB-C Hub,Electronics,Central,Customer 6,5,40.42,202.1
4134,2025-02-19,Filing Cabinet,Furniture,East,Customer 2,3,152.28,456.84
4135,2025-02-19,Wireless Mouse,Electronics,North,Customer 56,1,27.38,27.38
4136,2025-02-19,Filing Cabinet,Furniture,Central,Customer 6,1,138.14,138.14
4138,2025-02-20,Whiteboard,Stationery,Central,Customer 2,6,59.57,357.42
4139,2025-02-20,Filing Cabinet,Furniture,North,Customer 51,2,172.07,344.14
4140,2025-02-20,Whiteboard,Stationery,South,Customer 6,6,58.35,350.1
4141,2025-02-20,Whiteboard,Stationery,West,Customer 19,2,63.01,126.02
4142,2025-02-20,Pen Pack,Stationery,South,Customer 53,5,9.02,45.1
4143,2025-02-20,Standing Desk,Furniture,West,Customer 31,5,369.39,1846.95
4144,2025-02-20,Wireless Mouse,Electronics,Central,Customer 4,5,25.22,126.1
4146,2025-02-21,Desk Lamp,Furniture,Central,Customer 10,1,44.57,44.57
4147,2025-02-21,Notebook Set,Stationery,South,Customer 52,4,12.49,49.96
4148,2025-02-21,Standing Desk,Furniture,North,Customer 24,5,334.94,1674.7
4149,2025-02-21,Standing Desk,Furniture,North,Customer 36,2,383.7,767.4
4150,2025-02-21,Filing Cabinet,Furniture,South,Customer 16,1,158.44,158.44
4151,2025-02-21,Notebook Set,Stationery,Central,Customer 23,5,13.37,66.85
4152,2025-02-21,Wireless Mouse,Electronics,Central,Customer 12,5,27.37,136.85
4153,2025-02-21,USB-C Hub,Electronics,North,Customer 56,1,36.61,36.61
4155,2025-02-21,Whiteboard,Stationery,East,Customer 55,6,54.07,324.42
4156,2025-02-21,Webcam HD,Electronics,South,Customer 34,2,72.58,145.16
4157,2025-02-21,Office Chair,Furniture,North,Customer 26,4,194.32,777.28
4158,2025-02-21,Standing Desk,Furniture,West,Customer 40,2,328.55,657.1
4159,2025-02-21,Webcam HD,Electronics,East,Customer 27,3,75.7,227.1
4160,2025-02-21,Standing Desk,Furniture,South,Customer 24,2,316.81,633.62
4161,2025-02-21,Filing Cabinet,Furniture,North,Customer 20,6,166.69,1000.14
4162,2025-02-21,Standing Desk,Furniture,West,Customer 19,1,355.42,355.42
4163,2025-02-22,Webcam HD,Electronics,East,Customer 49,4,65.74,262.96
4164,2025-02-22,Standing Desk,Furniture,East,Customer 22,1,331.33,331.33
4166,2025-02-22,Mechanical Keyboard,Electronics,East,Customer 56,4,84.52,338.08
4168,2025-02-22,Wireless Mouse,Electronics,Central,Customer 45,2,27.07,54.14
4169,2025-02-22,Whiteboard,Stationery,East,Customer 47,5,56.68,283.4
4170,2025-02-22,USB-C Hub,Electronics,East,Customer 3,4,42.1,168.4
4171,2025-02-22,Standing Desk,Furniture,East,Customer 16,6,370.92,2225.52
4172,2025-02-22,Office Chair,Furniture,East,Customer 13,2,171.4,342.8
4173,2025-02-23,Whiteboard,Stationery,North,Customer 26,3,62.81,188.43
4174,2025-02-23,Filing Cabinet,Furniture,North,Customer 7,2,165.25,330.5
4175,2025-02-23,Filing Cabinet,Furniture,North,Customer 35,5,152.05,760.25
4177,2025-02-23,Webcam HD,Electronics,East,Customer 15,2,71.62,143.24
4179,2025-02-23,Bluetooth Speaker,Electronics,West,Customer 7,5,56.33,281.65
4181,2025-02-23,Wireless Mouse,Electronics,North,Customer 52,1,28.2,28.2
4182,2025-02-23,Wireless Mouse,Electronics,North,Customer 36,5,23.17,115.85
4183,2025-02-24,USB-C Hub,Electronics,West,Customer 22,5,41.24,206.2
4184,2025-02-24,Pen Pack,Stationery,East,Customer 53,6,8.61,51.66
4186,2025-02-24,Bluetooth Speaker,Electronics,East,Customer 9,6,52.44,314.64
4187,2025-02-24,Wireless Mouse,Electronics,North,Customer 56,1,24.45,24.45
4188,2025-02-24,Whiteboard,Stationery,Central,Customer 19,6,65.58,393.48
4189,2025-02-24,Office Chair,Furniture,North,Customer 38,2,179.87,359.74
4190,2025-02-24,USB-C Hub,Electronics,South,Customer 14,4,37.95,151.8
4191,2025-02-24,Bluetooth Speaker,Electronics,West,Customer 18,5,56.46,282.3
4192,2025-02-24,Desk Lamp,Furniture,North,Customer 45,3,45.21,135.63
4194,2025-02-25,Wireless Mouse,Electronics,East,Customer 16,3,26.44,79.32
4195,2025-02-25,Pen Pack,Stationery,North,Customer 34,4,8.06,32.24
4196,2025-02-25,Filing Cabinet,Furniture,North,Customer 3,1,139.37,139.37
4197,2025-02-25,Office Chair,Furniture,West,Customer 26,1,185.41,185.41
4198,2025-02-25,Bluetooth Speaker,Electronics,West,Customer 10,1,60.75,60.75
4199,2025-02-25,Webcam HD,Electronics,South,Customer 7,4,64.27,257.08
4200,2025-02-25,USB-C Hub,Electronics,North,Customer 53,2,38.54,77.08
4202,2025-02-25,Webcam HD,Electronics,South,Customer 40,4,70.43,281.72
4203,2025-02-26,Office Chair,Furniture,North,Customer 8,5,199.41,997.05
4204,2025-02-26,Office Chair,Furniture,West,Customer 50,73,202.34,14770.82
4206,2025-02-26,Whiteboard,Stationery,East,Customer 40,2,60.11,120.22
4207,2025-02-26,Filing Cabinet,Furniture,West,Customer 45,1,137.0,137.0
4208,2025-02-26,Filing Cabinet,Furniture,East,Customer 37,1,157.71,157.71
4209,2025-02-27,Bluetooth Speaker,Electronics,Central,Customer 12,6,50.39,302.34
4210,2025-02-27,Wireless Mouse,Electronics,Central,Customer 52,6,28.72,172.32
4212,2025-02-27,Notebook Set,Stationery,East,Customer 54,5,12.52,62.6
4213,2025-02-27,Whiteboard,Stationery,West,Customer 6,6,63.07,378.42
4214,2025-02-27,Whiteboard,Stationery,Central,Customer 25,3,56.18,168.54
4215,2025-02-27,Webcam HD,Electronics,North,Customer 19,5,67.34,336.7
4216,2025-02-28,Wireless Mouse,Electronics,South,Customer 12,5,28.05,140.25
4217,2025-02-28,Office Chair,Furniture,South,Customer 19,1,170.32,170.32
4218,2025-02-28,USB-C Hub,Electronics,North,Customer 27,4,40.04,160.16
4219,2025-02-28,Bluetooth Speaker,Electronics,South,Customer 26,6,49.82,298.92
4220,2025-02-28,Webcam HD,Electronics,North,Customer 42,1,71.0,71.0
4221,2025-02-28,Pen Pack,Stationery,South,Customer 34,2,8.7,17.4
4222,2025-02-28,Bluetooth Speaker,Electronics,East,Customer 42,2,53.98,107.96
4223,2025-02-28,Office Chair,Furniture,North,Customer 54,5,168.23,841.15
4224,2025-02-28,Standing Desk,Furniture,North,Customer 10,1,393.51,393.51
4225,2025-02-28,Filing Cabinet,Furniture,Central,Customer 52,5,157.88,789.4
4226,2025-02-28,USB-C Hub,Electronics,South,Customer 28,4,41.91,167.64
4227,2025-02-28,Webcam HD,Electronics,Central,Customer 25,3,64.64,193.92
4228,2025-02-28,Desk Lamp,Furniture,South,Customer 1,4,47.59,190.36
4229,2025-03-01,Whiteboard,Stationery,South,Customer 50,4,66.13,264.52
4230,2025-03-01,Office Chair,Furniture,North,Customer 17,5,176.12,880.6
4231,2025-03-01,Office Chair,Furniture,Central,Customer 51,3,179.94,539.82
4232,2025-03-01,Standing Desk,Furniture,North,Customer 54,5,338.79,1693.95
4233,2025-03-01,USB-C Hub,Electronics,Central,Customer 28,82,43.52,3568.64
4234,2025-03-01,Bluetooth Speaker,Electronics,North,Customer 8,4,61.98,247.92
4235,2025-03-01,Notebook Set,Stationery,South,Customer 53,5,11.41,57.05
4236,2025-03-02,Bluetooth Speaker,Electronics,North,Customer 4,3,60.82,182.46
4237,2025-03-02,Mechanical Keyboard,Electronics,East,Customer 6,4,87.72,350.88
4238,2025-03-02,Standing Desk,Furniture,East,Customer 4,6,368.07,2208.42
4239,2025-03-02,Pen Pack,Stationery,Central,Customer 13,4,8.75,35.0
4240,2025-03-02,Bluetooth Speaker,Electronics,North,Customer 47,4,58.33,233.32
4244,2025-03-03,USB-C Hub,Electronics,West,Customer 47,3,36.19,108.57
4245,2025-03-03,Webcam HD,Electronics,South,Customer 37,4,79.15,316.6
4246,2025-03-04,Filing Cabinet,Furniture,North,Customer 26,5,137.5,687.5
4247,2025-03-04,Whiteboard,Stationery,South,Customer 13,6,62.0,372.0
4248,2025-03-04,Office Chair,Furniture,East,Customer 23,4,172.45,689.8
4249,2025-03-04,Filing Cabinet,Furniture,West,Customer 7,2,142.6,285.2
4250,2025-03-04,Pen Pack,Stationery,South,Customer 55,5,9.05,45.25
4251,2025-03-04,USB-C Hub,Electronics,North,Customer 25,6,37.02,222.12
4253,2025-03-04,Desk Lamp,Furniture,East,Customer 25,2,45.76,91.52
4254,2025-03-04,Mechanical Keyboard,Electronics,Central,Customer 19,2,81.14,162.28
4255,2025-03-04,Standing Desk,Furniture,South,Customer 56,3,366.85,1100.55
4256,2025-03-05,Bluetooth Speaker,Electronics,East,Customer 33,3,50.16,150.48
4257,2025-03-05,Wireless Mouse,Electronics,North,Customer 16,1,25.19,25.19
4258,2025-03-05,Pen Pack,Stationery,West,Customer 31,2,8.56,17.12
4261,2025-03-05,Mechanical Keyboard,Electronics,South,Customer 7,4,95.5,382.0
4262,2025-03-05,Webcam HD,Electronics,West,Customer 11,2,67.57,135.14
4264,2025-03-06,Office Chair,Furniture,Central,Customer 16,4,201.0,804.0
4265,2025-03-06,Mechanical Keyboard,Electronics,East,Customer 27,5,80.27,401.35
4267,2025-03-06,Filing Cabinet,Furniture,West,Customer 44,5,155.42,777.1
4268,2025-03-06,Mechanical Keyboard,Electronics,West,Customer 16,4,86.66,346.64
4269,2025-03-06,Notebook Set,Stationery,North,Customer 24,5,13.14,65.7
4270,2025-03-06,Wireless Mouse,Electronics,South,Customer 12,4,25.88,103.52
4271,2025-03-06,Office Chair,Furniture,North,Customer 26,6,177.72,1066.32
4273,2025-03-06,Mechanical Keyboard,Electronics,North,Customer 34,6,82.13,492.78
4274,2025-03-06,Webcam HD,Electronics,East,Customer 37,2,64.27,128.54
4275,2025-03-06,Notebook Set,Stationery,Central,Customer 38,4,13.06,52.24
4276,2025-03-06,Whiteboard,Stationery,Central,Customer 35,6,58.03,348.18
4279,2025-03-07,Whiteboard,Stationery,East,Customer 33,4,68.63,274.52
4280,2025-03-07,Standing Desk,Furniture,East,Customer 55,6,326.37,1958.22
4281,2025-03-07,Filing Cabinet,Furniture,North,Customer 19,5,154.21,771.05
4282,2025-03-07,Desk Lamp,Furniture,North,Customer 45,4,47.54,190.16
4284,2025-03-07,Whiteboard,Stationery,Central,Customer 50,4,60.71,242.84
4285,2025-03-07,Webcam HD,Electronics,East,Customer 25,2,63.46,126.92
4287,2025-03-08,Bluetooth Speaker,Electronics,Central,Customer 37,5,56.27,281.35
4288,2025-03-08,Notebook Set,Stationery,South,Customer 21,5,12.29,61.45
4289,2025-03-08,Whiteboard,Stationery,North,Customer 51,5,56.94,284.7
4290,2025-03-08,Webcam HD,Electronics,West,Customer 42,5,68.57,342.85
4291,2025-03-08,USB-C Hub,Electronics,North,Customer 45,6,42.25,253.5
4292,2025-03-08,Standing Desk,Furniture,West,Customer 25,1,373.06,373.06
4293,2025-03-08,Filing Cabinet,Furniture,North,Customer 2,5,147.45,737.25
4294,2025-03-09,Webcam HD,Electronics,South,Customer 50,1,65.94,65.94
4296,2025-03-09,Whiteboard,Stationery,South,Customer 23,4,60.91,243.64
4297,2025-03-09,Bluetooth Speaker,Electronics,South,Customer 44,3,52.05,156.15
4298,2025-03-09,Whiteboard,Stationery,West,Customer 54,6,62.64,375.84
4300,2025-03-09,Mechanical Keyboard,Electronics,East,Customer 12,3,85.1,255.3
4302,2025-03-10,Desk Lamp,Furniture,West,Customer 38,4,42.39,169.56
4303,2025-03-10,Office Chair,Furniture,East,Customer 7,6,172.0,1032.0
4304,2025-03-10,Office Chair,Furniture,East,Customer 24,5,166.78,833.9
4305,2025-03-10,Wireless Mouse,Electronics,West,Customer 55,6,25.56,153.36
4306,2025-03-10,Whiteboard,Stationery,West,Customer 50,3,54.23,162.69
4307,2025-03-10,Webcam HD,Electronics,South,Customer 20,3,77.44,232.32
4308,2025-03-10,Webcam HD,Electronics,Central,Customer 53,5,65.1,325.5
4310,2025-03-11,Pen Pack,Stationery,East,Customer 38,2,7.29,14.58
4311,2025-03-11,Office Chair,Furniture,East,Customer 14,3,197.71,593.13
4312,2025-03-11,Notebook Set,Stationery,North,Customer 21,3,11.06,33.18
4313,2025-03-11,Desk Lamp,Furniture,East,Customer 40,2,41.71,83.42
4314,2025-03-11,Office Chair,Furniture,Central,Customer 7,4,183.41,733.64
4315,2025-03-11,Office Chair,Furniture,North,Customer 40,4,182.13,728.52
4316,2025-03-11,Standing Desk,Furniture,North,Customer 19,2,376.0,752.0
4317,2025-03-11,Mechanical Keyboard,Electronics,West,Customer 40,1,93.0,93.0
4318,2025-03-11,Whiteboard,Stationery,Central,Customer 4,1,64.44,64.44
4319,2025-03-11,Bluetooth Speaker,Electronics,North,Customer 18,6,60.98,365.88
4320,2025-03-11,Desk Lamp,Furniture,Central,Customer 55,2,43.14,86.28
4321,2025-03-12,Desk Lamp,Furniture,East,Customer 36,4,42.33,169.32
4322,2025-03-12,Notebook Set,Stationery,Central,Customer 33,4,10.98,43.92
4323,2025-03-12,Notebook Set,Stationery,South,Customer 9,4,12.42,49.68
4324,2025-03-12,Pen Pack,Stationery,East,Customer 35,6,7.88,47.28
4325,2025-03-12,Webcam HD,Electronics,East,Customer 51,3,75.83,227.49
4326,2025-03-12,Desk Lamp,Furniture,Central,Customer 9,6,49.97,299.82
4327,2025-03-12,Standing Desk,Furniture,West,Customer 22,5,394.67,1973.35
4328,2025-03-12,Wireless Mouse,Electronics,North,Customer 3,2,28.33,56.66
4329,2025-03-12,USB-C Hub,Electronics,South,Customer 5,3,39.73,119.19
4330,2025-03-12,Office Chair,Furniture,North,Customer 52,2,190.92,381.84
4331,2025-03-12,Desk Lamp,Furniture,West,Customer 3,61,41.28,2518.08
4332,2025-03-13,Whiteboard,Stationery,South,Customer 44,2,63.5,127.0
4333,2025-03-13,Mechanical Keyboard,Electronics,Central,Customer 40,3,82.94,248.82
4334,2025-03-13,Notebook Set,Stationery,West,Customer 10,4,12.56,50.24
4336,2025-03-13,Webcam HD,Electronics,West,Customer 10,4,75.59,302.36
4338,2025-03-13,Desk Lamp,Furniture,Central,Customer 14,3,42.85,128.55
4339,2025-03-13,USB-C Hub,Electronics,South,Customer 13,6,41.43,248.58
4342,2025-03-13,Mechanical Keyboard,Electronics,South,Customer 14,5,81.7,408.5
4343,2025-03-13,Filing Cabinet,Furniture,South,Customer 50,5,152.37,761.85
4344,2025-03-13,Pen Pack,Stationery,West,Customer 12,4,8.24,32.96
4345,2025-03-14,USB-C Hub,Electronics,East,Customer 36,3,40.8,122.4
4346,2025-03-14,Webcam HD,Electronics,Central,Customer 3,3,71.47,214.41
4347,2025-03-14,Desk Lamp,Furniture,West,Customer 25,2,47.46,94.92
4348,2025-03-14,Webcam HD,Electronics,North,Customer 36,5,67.22,336.1
4349,2025-03-14,USB-C Hub,Electronics,West,Customer 12,6,40.4,242.4
4351,2025-03-14,Bluetooth Speaker,Electronics,North,Customer 21,6,57.51,345.06
4352,2025-03-14,USB-C Hub,Electronics,Central,Customer 14,2,37.55,75.1
4353,2025-03-15,Filing Cabinet,Furniture,West,Customer 52,4,168.06,672.24
4354,2025-03-15,Desk Lamp,Furniture,East,Customer 16,6,50.11,300.66
4355,2025-03-15,Whiteboard,Stationery,East,Customer 42,5,56.16,280.8
4356,2025-03-15,Desk Lamp,Furniture,Central,Customer 14,6,51.35,308.1
4358,2025-03-15,Filing Cabinet,Furniture,West,Customer 15,6,152.36,914.16
4359,2025-03-16,USB-C Hub,Electronics,Central,Customer 22,4,38.9,155.6
4360,2025-03-16,Standing Desk,Furniture,West,Customer 40,3,365.54,1096.62
4361,2025-03-16,Filing Cabinet,Furniture,Central,Customer 53,6,139.37,836.22
4362,2025-03-16,Bluetooth Speaker,Electronics,West,Customer 5,4,49.54,198.16
4364,2025-03-16,Whiteboard,Stationery,East,Customer 9,4,64.78,259.12
4365,2025-03-16,Bluetooth Speaker,Electronics,South,Customer 10,5,62.5,312.5
4366,2025-03-16,Wireless Mouse,Electronics,East,Customer 26,6,27.2,163.2
4367,2025-03-16,Filing Cabinet,Furniture,South,Customer 3,6,167.36,1004.16
4368,2025-03-17,Wireless Mouse,Electronics,West,Customer 34,3,27.26,81.78
4369,2025-03-17,Whiteboard,Stationery,South,Customer 45,5,66.95,334.75
4370,2025-03-17,Filing Cabinet,Furniture,Central,Customer 23,6,161.44,968.64
4371,2025-03-17,USB-C Hub,Electronics,North,Customer 52,2,42.37,84.74
4373,2025-03-17,Notebook Set,Stationery,Central,Customer 21,6,11.05,66.3
4374,2025-03-17,Mechanical Keyboard,Electronics,South,Customer 14,4,77.91,311.64
4375,2025-03-17,Filing Cabinet,Furniture,North,Customer 50,5,168.7,843.5
4377,2025-03-17,Desk Lamp,Furniture,West,Customer 18,6,40.77,244.62
4379,2025-03-18,Wireless Mouse,Electronics,South,Customer 44,5,25.1,125.5
4380,2025-03-18,Bluetooth Speaker,Electronics,South,Customer 26,4,50.78,203.12
4381,2025-03-18,Wireless Mouse,Electronics,South,Customer 11,6,23.44,140.64
4383,2025-03-18,Webcam HD,Electronics,North,Customer 8,2,63.94,127.88
4384,2025-03-18,Mechanical Keyboard,Electronics,South,Customer 3,4,85.06,340.24
4387,2025-03-19,Bluetooth Speaker,Electronics,Central,Customer 13,6,59.53,357.18
4389,2025-03-19,Webcam HD,Electronics,North,Customer 10,6,77.2,463.2
4390,2025-03-19,Standing Desk,Furniture,Central,Customer 44,2,323.79,647.58
4391,2025-03-19,Notebook Set,Stationery,North,Customer 37,6,12.37,74.22
4392,2025-03-19,Webcam HD,Electronics,East,Customer 25,3,80.18,240.54
4393,2025-03-19,USB-C Hub,Electronics,East,Customer 23,1,44.4,44.4
4394,2025-03-19,Filing Cabinet,Furniture,North,Customer 52,4,166.49,665.96
4395,2025-03-19,Office Chair,Furniture,South,Customer 50,6,192.01,1152.06
4396,2025-03-19,Filing Cabinet,Furniture,North,Customer 15,5,153.62,768.1
4397,2025-03-19,Pen Pack,Stationery,East,Customer 36,1,7.48,7.48
4398,2025-03-20,Desk Lamp,Furniture,South,Customer 14,5,44.63,223.15
4399,2025-03-20,Wireless Mouse,Electronics,South,Customer 2,3,28.38,85.14
4400,2025-03-20,USB-C Hub,Electronics,East,Customer 40,4,45.3,181.2
4401,2025-03-20,USB-C Hub,Electronics,North,Customer 11,4,38.31,153.24
4402,2025-03-20,Bluetooth Speaker,Electronics,North,Customer 28,5,50.35,251.75
4403,2025-03-20,Notebook Set,Stationery,South,Customer 56,5,10.87,54.35
4404,2025-03-20,Standing Desk,Furniture,East,Customer 21,5,371.88,1859.4
4405,2025-03-20,Standing Desk,Furniture,North,Customer 15,2,387.43,774.86
4406,2025-03-20,Filing Cabinet,Furniture,North,Customer 8,6,167.49,1004.94
4407,2025-03-21,Wireless Mouse,Electronics,West,Customer 37,5,24.77,123.85
4408,2025-03-21,Webcam HD,Electronics,East,Customer 40,4,69.45,277.8
4409,2025-03-21,Mechanical Keyboard,Electronics,East,Customer 24,3,85.91,257.73
4410,2025-03-21,Standing Desk,Furniture,East,Customer 31,4,388.81,1555.24
4411,2025-03-21,Mechanical Keyboard,Electronics,West,Customer 1,2,94.28,188.56
4412,2025-03-21,Mechanical Keyboard,Electronics,Central,Customer 8,1,88.29,88.29
4413,2025-03-21,Wireless Mouse,Electronics,West,Customer 36,2,22.67,45.34
4415,2025-03-21,USB-C Hub,Electronics,Central,Customer 7,4,41.16,164.64
4416,2025-03-21,Filing Cabinet,Furniture,Central,Customer 2,6,148.73,892.38
4417,2025-03-21,Filing Cabinet,Furniture,West,Customer 6,1,171.53,171.53
4418,2025-03-21,Office Chair,Furniture,South,Customer 4,5,163.91,819.55
4419,2025-03-22,Pen Pack,Stationery,North,Customer 53,6,7.66,45.96
4420,2025-03-22,Standing Desk,Furniture,West,Customer 20,3,399.87,1199.61
4421,2025-03-22,Office Chair,Furniture,North,Customer 2,4,169.87,679.48
4422,2025-03-22,Bluetooth Speaker,Electronics,Central,Customer 44,4,52.0,208.0
4426,2025-03-23,Standing Desk,Furniture,South,Customer 6,4,392.84,1571.36
4427,2025-03-23,Desk Lamp,Furniture,South,Customer 45,5,41.22,206.1
4428,2025-03-23,Pen Pack,Stationery,West,Customer 27,1,7.26,7.26
4429,2025-03-23,Notebook Set,Stationery,Central,Customer 2,1,11.73,11.73
4430,2025-03-24,Mechanical Keyboard,Electronics,West,Customer 8,1,77.57,77.57
4431,2025-03-24,Standing Desk,Furniture,Central,Customer 16,1,316.72,316.72
4432,2025-03-24,Whiteboard,Stationery,East,Customer 37,5,55.02,275.1
4433,2025-03-24,Wireless Mouse,Electronics,North,Customer 21,3,24.06,72.18
4434,2025-03-24,USB-C Hub,Electronics,North,Customer 52,1,38.56,38.56
4436,2025-03-24,Notebook Set,Stationery,South,Customer 42,5,12.39,61.95
4437,2025-03-24,Mechanical Keyboard,Electronics,North,Customer 53,2,86.34,172.68
4438,2025-03-24,Notebook Set,Stationery,North,Customer 27,4,12.61,50.44
4440,2025-03-24,Pen Pack,Stationery,South,Customer 49,5,7.73,38.65
4442,2025-03-24,Bluetooth Speaker,Electronics,North,Customer 40,5,53.48,267.4
4443,2025-03-24,Pen Pack,Stationery,East,Customer 11,1,7.33,7.33
4444,2025-03-24,Notebook Set,Stationery,North,Customer 33,6,11.22,67.32
4445,2025-03-24,Pen Pack,Stationery,West,Customer 4,5,8.89,44.45
4446,2025-03-24,USB-C Hub,Electronics,East,Customer 7,6,42.65,255.9
4447,2025-03-24,Whiteboard,Stationery,Central,Customer 37,1,57.53,57.53
4449,2025-03-25,USB-C Hub,Electronics,North,Customer 47,1,36.84,36.84
4450,2025-03-25,Whiteboard,Stationery,Central,Customer 2,5,63.39,316.95
4451,2025-03-25,Mechanical Keyboard,Electronics,East,Customer 35,5,96.22,481.1
4452,2025-03-25,USB-C Hub,Electronics,East,Customer 34,2,43.58,87.16
4453,2025-03-25,Whiteboard,Stationery,West,Customer 33,6,67.91,407.46
4454,2025-03-25,Desk Lamp,Furniture,North,Customer 52,4,50.99,203.96
4455,2025-03-25,Wireless Mouse,Electronics,East,Customer 31,3,25.88,77.64
4456,2025-03-25,Webcam HD,Electronics,South,Customer 25,1,77.5,77.5
4458,2025-03-25,USB-C Hub,Electronics,Central,Customer 18,5,44.91,224.55
4459,2025-03-25,USB-C Hub,Electronics,Central,Customer 10,5,42.7,213.5
4462,2025-03-26,Mechanical Keyboard,Electronics,Central,Customer 28,3,95.73,287.19
4463,2025-03-26,Mechanical Keyboard,Electronics,Central,Customer 42,3,85.58,256.74
4464,2025-03-26,Office Chair,Furniture,Central,Customer 36,2,183.94,367.88
4465,2025-03-26,Office Chair,Furniture,West,Customer 38,3,194.53,583.59
4467,2025-03-26,Bluetooth Speaker,Electronics,Central,Customer 25,4,59.15,236.6
4468,2025-03-26,Notebook Set,Stationery,Central,Customer 28,5,11.55,57.75
4470,2025-03-27,Wireless Mouse,Electronics,South,Customer 11,2,26.01,52.02
4471,2025-03-27,Desk Lamp,Furniture,West,Customer 18,5,49.05,245.25
4472,2025-03-27,Whiteboard,Stationery,Central,Customer 51,5,55.88,279.4
4473,2025-03-27,Office Chair,Furniture,Central,Customer 15,3,186.06,558.18
4474,2025-03-27,Bluetooth Speaker,Electronics,East,Customer 26,1,61.6,61.6
4476,2025-03-27,Bluetooth Speaker,Electronics,North,Customer 6,1,55.34,55.34
4479,2025-03-28,USB-C Hub,Electronics,South,Customer 31,2,43.15,86.3
4480,2025-03-28,Filing Cabinet,Furniture,South,Customer 3,4,168.54,674.16
4481,2025-03-28,Standing Desk,Furniture,East,Customer 50,3,363.68,1091.04
4482,2025-03-28,Filing Cabinet,Furniture,East,Customer 49,1,169.13,169.13
4483,2025-03-28,Standing Desk,Furniture,North,Customer 28,4,327.66,1310.64
4484,2025-03-28,Desk Lamp,Furniture,East,Customer 18,6,40.86,245.16
4485,2025-03-28,Wireless Mouse,Electronics,West,Customer 49,5,25.1,125.5
4486,2025-03-29,Filing Cabinet,Furniture,North,Customer 50,4,168.62,674.48
4487,2025-03-29,Whiteboard,Stationery,Central,Customer 49,2,64.5,129.0
4488,2025-03-29,Whiteboard,Stationery,North,Customer 56,6,54.63,327.78
4489,2025-03-29,Notebook Set,Stationery,East,Customer 6,4,13.3,53.2
4490,2025-03-29,Pen Pack,Stationery,North,Customer 51,3,8.03,24.09
4491,2025-03-29,Office Chair,Furniture,West,Customer 17,3,190.01,570.03
4492,2025-03-30,Whiteboard,Stationery,South,Customer 45,4,63.25,253.0
4494,2025-03-30,Whiteboard,Stationery,North,Customer 21,4,62.51,250.04
4495,2025-03-30,Desk Lamp,Furniture,North,Customer 8,5,43.44,217.2
4496,2025-03-31,Mechanical Keyboard,Electronics,South,Customer 4,5,79.36,396.8
4498,2025-03-31,Filing Cabinet,Furniture,North,Customer 28,1,148.17,148.17
4499,2025-03-31,Webcam HD,Electronics,Central,Customer 49,6,64.08,384.48
4501,2025-03-31,Webcam HD,Electronics,East,Customer 24,2,64.75,129.5
4503,2025-03-31,Webcam HD,Electronics,East,Customer 34,6,73.02,438.12
4504,2025-04-01,Bluetooth Speaker,Electronics,West,Customer 25,3,51.96,155.88
4505,2025-04-01,Webcam HD,Electronics,Central,Customer 40,3,76.75,230.25
4506,2025-04-01,Notebook Set,Stationery,West,Customer 17,4,12.29,49.16
4507,2025-04-01,USB-C Hub,Electronics,East,Customer 28,1,44.2,44.2
4508,2025-04-02,Desk Lamp,Furniture,North,Customer 37,4,49.01,196.04
4509,2025-04-02,Pen Pack,Stationery,South,Customer 51,3,8.74,26.22
4510,2025-04-02,Whiteboard,Stationery,East,Customer 17,5,54.43,272.15
4511,2025-04-02,Notebook Set,Stationery,South,Customer 50,4,13.15,52.6
4513,2025-04-02,Desk Lamp,Furniture,North,Customer 1,5,47.34,236.7
4514,2025-04-02,Filing Cabinet,Furniture,North,Customer 12,6,150.96,905.76
4515,2025-04-02,USB-C Hub,Electronics,West,Customer 28,3,37.81,113.43
4516,2025-04-02,Pen Pack,Stationery,South,Customer 49,6,8.51,51.06
4517,2025-04-03,Desk Lamp,Furniture,North,Customer 12,5,41.26,206.3
4518,2025-04-03,Standing Desk,Furniture,Central,Customer 53,6,401.06,2406.36
4519,2025-04-03,Standing Desk,Furniture,North,Customer 1,5,384.73,1923.65
4520,2025-04-03,Whiteboard,Stationery,West,Customer 31,1,55.63,55.63
4521,2025-04-03,Filing Cabinet,Furniture,North,Customer 12,4,172.19,688.76
4523,2025-04-03,Standing Desk,Furniture,East,Customer 55,4,326.8,1307.2
4525,2025-04-04,USB-C Hub,Electronics,West,Customer 22,1,38.04,38.04
4526,2025-04-04,Office Chair,Furniture,West,Customer 56,4,177.56,710.24
4527,2025-04-04,Whiteboard,Stationery,South,Customer 24,1,60.92,60.92
4528,2025-04-04,Standing Desk,Furniture,Central,Customer 45,5,330.3,1651.5
4529,2025-04-04,Office Chair,Furniture,East,Customer 4,5,176.59,882.95
4530,2025-04-04,Wireless Mouse,Electronics,East,Customer 19,6,28.4,170.4
4531,2025-04-04,Webcam HD,Electronics,South,Customer 55,4,68.92,275.68
4532,2025-04-04,Mechanical Keyboard,Electronics,West,Customer 19,1,79.47,79.47
4533,2025-04-05,Whiteboard,Stationery,West,Customer 44,5,65.48,327.4
4536,2025-04-05,USB-C Hub,Electronics,Central,Customer 25,1,37.92,37.92
4539,2025-04-06,Notebook Set,Stationery,South,Customer 3,2,13.28,26.56
4540,2025-04-06,Notebook Set,Stationery,East,Customer 47,5,13.78,68.9
4541,2025-04-06,Whiteboard,Stationery,South,Customer 22,5,66.45,332.25
4542,2025-04-06,Office Chair,Furniture,North,Customer 33,3,162.53,487.59
4543,2025-04-06,Mechanical Keyboard,Electronics,Central,Customer 19,6,95.04,570.24
4544,2025-04-06,Whiteboard,Stationery,South,Customer 18,1,66.64,66.64
4545,2025-04-06,Standing Desk,Furniture,East,Customer 17,3,395.22,1185.66
4548,2025-04-07,Filing Cabinet,Furniture,East,Customer 16,5,139.02,695.1
4549,2025-04-07,Webcam HD,Electronics,Central,Customer 33,5,65.16,325.8
4550,2025-04-07,Webcam HD,Electronics,Central,Customer 37,3,78.3,234.9
4552,2025-04-08,Filing Cabinet,Furniture,East,Customer 31,5,137.28,686.4
4553,2025-04-08,Bluetooth Speaker,Electronics,East,Customer 54,6,51.33,307.98
4554,2025-04-08,Pen Pack,Stationery,North,Customer 52,6,7.48,44.88
4556,2025-04-08,Standing Desk,Furniture,Central,Customer 42,2,338.43,676.86
4557,2025-04-08,Office Chair,Furniture,South,Customer 37,5,182.23,911.15
4559,2025-04-08,Wireless Mouse,Electronics,Central,Customer 14,4,28.25,113.0
4560,2025-04-08,USB-C Hub,Electronics,Central,Customer 36,5,44.67,223.35
4561,2025-04-08,Office Chair,Furniture,North,Customer 1,2,168.56,337.12
4562,2025-04-08,USB-C Hub,Electronics,Central,Customer 25,44,37.76,1661.44
4563,2025-04-09,Pen Pack,Stationery,North,Customer 33,4,7.96,31.84
4565,2025-04-09,Notebook Set,Stationery,East,Customer 13,1,10.83,10.83
4567,2025-04-09,Whiteboard,Stationery,North,Customer 38,3,67.93,203.79
4568,2025-04-09,Whiteboard,Stationery,Central,Customer 42,1,65.79,65.79
4569,2025-04-09,USB-C Hub,Electronics,Central,Customer 21,2,39.15,78.3
4571,2025-04-10,Notebook Set,Stationery,East,Customer 22,2,10.81,21.62
4572,2025-04-10,Filing Cabinet,Furniture,East,Customer 2,5,149.22,746.1
4573,2025-04-10,Filing Cabinet,Furniture,West,Customer 28,1,151.35,151.35
4575,2025-04-10,Desk Lamp,Furniture,South,Customer 19,3,50.26,150.78
4576,2025-04-10,Wireless Mouse,Electronics,Central,Customer 53,4,25.89,103.56
4577,2025-04-10,Bluetooth Speaker,Electronics,Central,Customer 40,3,60.12,180.36
4578,2025-04-10,Wireless Mouse,Electronics,West,Customer 27,3,27.33,81.99
4579,2025-04-10,Whiteboard,Stationery,Central,Customer 47,2,58.41,116.82
4581,2025-04-10,Wireless Mouse,Electronics,Central,Customer 34,5,23.96,119.8
4582,2025-04-10,Webcam HD,Electronics,West,Customer 51,5,65.07,325.35
4583,2025-04-10,Bluetooth Speaker,Electronics,Central,Customer 28,1,54.51,54.51
4585,2025-04-11,Notebook Set,Stationery,North,Customer 6,1,12.88,12.88
4587,2025-04-11,Webcam HD,Electronics,South,Customer 25,5,73.1,365.5
4588,2025-04-11,Wireless Mouse,Electronics,North,Customer 49,3,28.61,85.83
4589,2025-04-11,Bluetooth Speaker,Electronics,West,Customer 24,3,62.35,187.05
4592,2025-04-12,Standing Desk,Furniture,North,Customer 35,4,367.69,1470.76
4594,2025-04-12,Bluetooth Speaker,Electronics,South,Customer 11,4,62.42,249.68
4595,2025-04-12,USB-C Hub,Electronics,Central,Customer 5,5,45.43,227.15
4596,2025-04-12,Pen Pack,Stationery,East,Customer 47,1,8.82,8.82
4597,2025-04-12,Filing Cabinet,Furniture,Central,Customer 23,3,144.99,434.97
4598,2025-04-13,Webcam HD,Electronics,North,Customer 21,3,69.52,208.56
4599,2025-04-13,Notebook Set,Stationery,South,Customer 9,5,11.18,55.9
4600,2025-04-13,Desk Lamp,Furniture,North,Customer 47,4,49.84,199.36
4601,2025-04-13,Wireless Mouse,Electronics,East,Customer 27,1,26.45,26.45
4602,2025-04-13,Standing Desk,Furniture,South,Customer 18,1,355.19,355.19
4603,2025-04-13,Pen Pack,Stationery,Central,Customer 21,2,8.21,16.42
4604,2025-04-13,Filing Cabinet,Furniture,Central,Customer 42,3,135.19,405.57
4605,2025-04-13,Whiteboard,Stationery,West,Customer 16,2,56.41,112.82
4607,2025-04-13,Desk Lamp,Furniture,East,Customer 36,1,45.92,45.92
4608,2025-04-14,Webcam HD,Electronics,North,Customer 37,6,76.18,457.08
4609,2025-04-14,Desk Lamp,Furniture,North,Customer 53,1,47.37,47.37
4611,2025-04-14,Desk Lamp,Furniture,West,Customer 4,2,51.15,102.3
4612,2025-04-14,Bluetooth Speaker,Electronics,North,Customer 52,2,52.24,104.48
4613,2025-04-14,Notebook Set,Stationery,West,Customer 17,5,11.74,58.7
4614,2025-04-14,Filing Cabinet,Furniture,East,Customer 36,6,138.25,829.5
4615,2025-04-14,Filing Cabinet,Furniture,South,Customer 52,3,161.22,483.66
4616,2025-04-15,Bluetooth Speaker,Electronics,Central,Customer 14,5,55.94,279.7
4617,2025-04-15,Notebook Set,Stationery,West,Customer 50,3,11.19,33.57
4618,2025-04-15,Mechanical Keyboard,Electronics,Central,Customer 51,4,94.27,377.08
4619,2025-04-15,Filing Cabinet,Furniture,South,Customer 52,5,169.71,848.55
4620,2025-04-15,Standing Desk,Furniture,North,Customer 3,5,322.23,1611.15
4624,2025-04-16,Standing Desk,Furniture,East,Customer 56,5,381.84,1909.2
4625,2025-04-16,USB-C Hub,Electronics,East,Customer 35,4,41.3,165.2
4626,2025-04-16,Notebook Set,Stationery,Central,Customer 36,1,13.04,13.04
4627,2025-04-17,Office Chair,Furniture,Central,Customer 33,6,206.84,1241.04
4628,2025-04-17,Office Chair,Furniture,South,Customer 25,5,175.66,878.3
4629,2025-04-17,Webcam HD,Electronics,North,Customer 22,3,70.1,210.3
4631,2025-04-17,Wireless Mouse,Electronics,East,Customer 6,4,24.75,99.0
4633,2025-04-18,Wireless Mouse,Electronics,East,Customer 7,5,28.36,141.8
4635,2025-04-18,Bluetooth Speaker,Electronics,North,Customer 7,1,61.73,61.73
4636,2025-04-18,Pen Pack,Stationery,North,Customer 10,5,9.08,45.4
4637,2025-04-18,Desk Lamp,Furniture,West,Customer 4,3,48.42,145.26
4639,2025-04-19,Bluetooth Speaker,Electronics,East,Customer 45,3,62.14,186.42
4640,2025-04-19,Mechanical Keyboard,Electronics,South,Customer 12,45,80.26,3611.7
4641,2025-04-19,Pen Pack,Stationery,East,Customer 56,3,8.77,26.31
4642,2025-04-19,Wireless Mouse,Electronics,North,Customer 6,1,23.49,23.49
4645,2025-04-20,Bluetooth Speaker,Electronics,West,Customer 7,3,49.94,149.82
4646,2025-04-20,Pen Pack,Stationery,Central,Customer 36,6,7.58,45.48
4647,2025-04-20,Wireless Mouse,Electronics,East,Customer 42,3,26.93,80.79
4648,2025-04-20,Wireless Mouse,Electronics,North,Customer 1,2,26.67,53.34
4649,2025-04-20,Notebook Set,Stationery,East,Customer 50,3,13.67,41.01
4650,2025-04-20,Filing Cabinet,Furniture,North,Customer 1,1,142.62,142.62
4651,2025-04-20,Standing Desk,Furniture,South,Customer 28,3,326.03,978.09
4652,2025-04-20,Wireless Mouse,Electronics,East,Customer 5,5,26.32,131.6
4653,2025-04-20,Mechanical Keyboard,Electronics,North,Customer 15,5,82.87,414.35
4654,2025-04-21,Webcam HD,Electronics,South,Customer 35,3,78.41,235.23
4655,2025-04-21,Desk Lamp,Furniture,East,Customer 44,3,49.05,147.15
4656,2025-04-21,Bluetooth Speaker,Electronics,North,Customer 3,3,51.51,154.53
4657,2025-04-21,Wireless Mouse,Electronics,Central,Customer 1,4,28.52,114.08
4658,2025-04-21,Webcam HD,Electronics,Central,Customer 4,1,69.96,69.96
4659,2025-04-22,Mechanical Keyboard,Electronics,East,Customer 3,5,84.72,423.6
4661,2025-04-22,Office Chair,Furniture,East,Customer 38,6,170.72,1024.32
4663,2025-04-22,Pen Pack,Stationery,East,Customer 21,4,8.72,34.88
4664,2025-04-22,Wireless Mouse,Electronics,North,Customer 5,2,23.5,47.0
4666,2025-04-23,Notebook Set,Stationery,East,Customer 12,2,11.66,23.32
4667,2025-04-23,Bluetooth Speaker,Electronics,Central,Customer 45,1,58.13,58.13
4668,2025-04-23,USB-C Hub,Electronics,North,Customer 5,2,43.89,87.78
4669,2025-04-23,Wireless Mouse,Electronics,West,Customer 54,6,27.42,164.52
4670,2025-04-23,Webcam HD,Electronics,Central,Customer 36,88,69.23,6092.24
4671,2025-04-23,Notebook Set,Stationery,North,Customer 6,5,11.56,57.8
4673,2025-04-24,Wireless Mouse,Electronics,West,Customer 22,3,28.1,84.3
4674,2025-04-24,Bluetooth Speaker,Electronics,East,Customer 55,5,60.36,301.8
4675,2025-04-24,Bluetooth Speaker,Electronics,Central,Customer 50,2,50.71,101.42
4676,2025-04-24,Notebook Set,Stationery,South,Customer 27,3,11.3,33.9
4679,2025-04-25,Wireless Mouse,Electronics,North,Customer 6,68,26.22,1782.96
4680,2025-04-25,Desk Lamp,Furniture,North,Customer 12,2,43.04,86.08
4681,2025-04-25,Office Chair,Furniture,Central,Customer 47,4,193.52,774.08
4682,2025-04-25,Webcam HD,Electronics,Central,Customer 51,2,64.18,128.36
4683,2025-04-25,Mechanical Keyboard,Electronics,North,Customer 44,5,88.67,443.35
4684,2025-04-25,Desk Lamp,Furniture,North,Customer 33,5,41.56,207.8
4685,2025-04-25,Notebook Set,Stationery,Central,Customer 6,2,12.41,24.82
4686,2025-04-26,Filing Cabinet,Furniture,West,Customer 45,5,168.03,840.15
4687,2025-04-26,Pen Pack,Stationery,Central,Customer 34,2,8.61,17.22
4689,2025-04-27,Office Chair,Furniture,Central,Customer 55,4,186.07,744.28
4690,2025-04-27,Office Chair,Furniture,South,Customer 33,1,186.64,186.64
4691,2025-04-27,Bluetooth Speaker,Electronics,East,Customer 22,4,61.86,247.44
4692,2025-04-27,Standing Desk,Furniture,South,Customer 11,1,372.52,372.52
4693,2025-04-27,Filing Cabinet,Furniture,Central,Customer 14,4,141.09,564.36
4694,2025-04-27,Bluetooth Speaker,Electronics,South,Customer 9,3,56.88,170.64
4697,2025-04-27,Mechanical Keyboard,Electronics,East,Customer 37,1,85.46,85.46
4699,2025-04-28,Webcam HD,Electronics,South,Customer 4,6,63.23,379.38
4700,2025-04-28,Standing Desk,Furniture,South,Customer 9,6,375.89,2255.34
4701,2025-04-28,Filing Cabinet,Furniture,South,Customer 45,4,153.68,614.72
4702,2025-04-28,Mechanical Keyboard,Electronics,South,Customer 33,2,84.42,168.84
4703,2025-04-28,Mechanical Keyboard,Electronics,East,Customer 26,4,83.63,334.52
4705,2025-04-28,Bluetooth Speaker,Electronics,West,Customer 23,2,62.35,124.7
4706,2025-04-29,Notebook Set,Stationery,South,Customer 50,5,11.09,55.45
4707,2025-04-29,Mechanical Keyboard,Electronics,Central,Customer 6,6,76.99,461.94
4708,2025-04-29,Notebook Set,Stationery,North,Customer 31,6,13.45,80.7
4709,2025-04-29,Standing Desk,Furniture,South,Customer 38,4,390.7,1562.8
4710,2025-04-29,Filing Cabinet,Furniture,North,Customer 17,5,143.18,715.9
4711,2025-04-29,Office Chair,Furniture,Central,Customer 25,6,186.35,1118.1
4712,2025-04-30,Notebook Set,Stationery,South,Customer 8,2,11.25,22.5
4713,2025-04-30,Notebook Set,Stationery,West,Customer 36,4,10.84,43.36
4714,2025-04-30,Desk Lamp,Furniture,West,Customer 49,4,49.97,199.88
4715,2025-04-30,Wireless Mouse,Electronics,South,Customer 6,4,23.96,95.84
4716,2025-04-30,Bluetooth Speaker,Electronics,North,Customer 20,5,60.56,302.8
4717,2025-04-30,Bluetooth Speaker,Electronics,East,Customer 42,3,60.21,180.63
4718,2025-04-30,Wireless Mouse,Electronics,South,Customer 44,4,28.53,114.12
4719,2025-05-01,Standing Desk,Furniture,Central,Customer 27,5,382.39,1911.95
4722,2025-05-01,Mechanical Keyboard,Electronics,South,Customer 51,1,82.78,82.78
4723,2025-05-02,Notebook Set,Stationery,East,Customer 42,6,11.21,67.26
4724,2025-05-02,Whiteboard,Stationery,North,Customer 44,6,58.81,352.86
4728,2025-05-02,Bluetooth Speaker,Electronics,South,Customer 36,5,58.89,294.45
4730,2025-05-03,USB-C Hub,Electronics,South,Customer 15,3,42.67,128.01
4731,2025-05-03,Office Chair,Furniture,North,Customer 52,3,204.72,614.16
4732,2025-05-03,Filing Cabinet,Furniture,East,Customer 55,2,137.91,275.82
4733,2025-05-03,Webcam HD,Electronics,East,Customer 24,5,71.74,358.7
4735,2025-05-03,Desk Lamp,Furniture,East,Customer 47,4,45.02,180.08
4736,2025-05-03,Webcam HD,Electronics,South,Customer 28,3,79.57,238.71
4737,2025-05-03,Desk Lamp,Furniture,West,Customer 25,5,45.81,229.05
4738,2025-05-04,Filing Cabinet,Furniture,North,Customer 28,5,164.13,820.65
4739,2025-05-04,Office Chair,Furniture,East,Customer 24,3,167.69,503.07
4741,2025-05-04,Bluetooth Speaker,Electronics,South,Customer 49,3,56.49,169.47
4742,2025-05-04,Notebook Set,Stationery,East,Customer 37,5,11.23,56.15
4743,2025-05-04,Notebook Set,Stationery,North,Customer 55,4,11.71,46.84
4744,2025-05-04,Office Chair,Furniture,South,Customer 16,1,182.39,182.39
4745,2025-05-05,Desk Lamp,Furniture,South,Customer 25,6,47.12,282.72
4746,2025-05-05,Mechanical Keyboard,Electronics,East,Customer 42,3,77.62,232.86
4747,2025-05-05,Whiteboard,Stationery,South,Customer 27,5,56.93,284.65
4749,2025-05-05,Wireless Mouse,Electronics,West,Customer 15,4,26.04,104.16
4751,2025-05-06,Whiteboard,Stationery,North,Customer 6,3,67.8,203.4
4752,2025-05-06,Desk Lamp,Furniture,Central,Customer 18,6,46.68,280.08
4754,2025-05-06,USB-C Hub,Electronics,West,Customer 17,4,44.89,179.56
4755,2025-05-06,Standing Desk,Furniture,North,Customer 8,6,371.92,2231.52
4756,2025-05-06,Pen Pack,Stationery,North,Customer 45,2,8.49,16.98
4757,2025-05-06,Whiteboard,Stationery,South,Customer 15,4,65.95,263.8
4758,2025-05-06,Pen Pack,Stationery,West,Customer 44,4,8.11,32.44
4759,2025-05-07,Desk Lamp,Furniture,North,Customer 18,4,42.62,170.48
4760,2025-05-07,Wireless Mouse,Electronics,East,Customer 53,6,27.67,166.02
4761,2025-05-07,USB-C Hub,Electronics,East,Customer 21,4,45.32,181.28
4763,2025-05-08,USB-C Hub,Electronics,South,Customer 5,4,44.56,178.24
4764,2025-05-08,Standing Desk,Furniture,South,Customer 8,2,342.98,685.96
4765,2025-05-08,Notebook Set,Stationery,Central,Customer 45,1,12.61,12.61
4767,2025-05-08,USB-C Hub,Electronics,Central,Customer 23,1,37.98,37.98
4769,2025-05-08,Filing Cabinet,Furniture,West,Customer 51,1,157.53,157.53
4770,2025-05-09,Office Chair,Furniture,Central,Customer 23,3,167.75,503.25
4771,2025-05-09,Webcam HD,Electronics,South,Customer 10,6,66.73,400.38
4772,2025-05-09,Webcam HD,Electronics,Central,Customer 13,6,76.49,458.94
4773,2025-05-09,Whiteboard,Stationery,West,Customer 45,63,63.12,3976.56
4774,2025-05-09,Filing Cabinet,Furniture,South,Customer 28,2,164.32,328.64
4775,2025-05-09,Notebook Set,Stationery,West,Customer 26,1,12.32,12.32
4776,2025-05-09,Mechanical Keyboard,Electronics,Central,Customer 12,1,88.21,88.21
4777,2025-05-09,Notebook Set,Stationery,Central,Customer 52,5,12.29,61.45
4778,2025-05-10,USB-C Hub,Electronics,West,Customer 8,2,39.81,79.62
4779,2025-05-10,USB-C Hub,Electronics,Central,Customer 15,4,37.0,148.0
4780,2025-05-10,Whiteboard,Stationery,North,Customer 55,6,62.4,374.4
4781,2025-05-10,Pen Pack,Stationery,East,Customer 35,6,8.79,52.74
4782,2025-05-10,Standing Desk,Furniture,East,Customer 9,4,356.87,1427.48
4783,2025-05-11,USB-C Hub,Electronics,South,Customer 10,2,45.8,91.6
4784,2025-05-11,USB-C Hub,Electronics,Central,Customer 19,6,41.08,246.48
4785,2025-05-11,Standing Desk,Furniture,Central,Customer 10,2,345.28,690.56
4786,2025-05-11,Filing Cabinet,Furniture,South,Customer 12,6,172.16,1032.96
4787,2025-05-12,Filing Cabinet,Furniture,Central,Customer 22,3,150.19,450.57
4788,2025-05-12,Office Chair,Furniture,South,Customer 54,3,191.52,574.56
4789,2025-05-12,Webcam HD,Electronics,North,Customer 55,6,71.38,428.28
4790,2025-05-12,Webcam HD,Electronics,West,Customer 18,1,72.3,72.3
4791,2025-05-12,Mechanical Keyboard,Electronics,South,Customer 55,2,76.63,153.26
4792,2025-05-12,Whiteboard,Stationery,East,Customer 10,3,65.58,196.74
4793,2025-05-12,Wireless Mouse,Electronics,South,Customer 26,6,22.95,137.7
4794,2025-05-12,Webcam HD,Electronics,West,Customer 15,1,71.9,71.9
4795,2025-05-13,Bluetooth Speaker,Electronics,North,Customer 21,6,56.01,336.06
4796,2025-05-13,Filing Cabinet,Furniture,East,Customer 17,3,164.65,493.95
4797,2025-05-13,Bluetooth Speaker,Electronics,North,Customer 24,1,60.49,60.49
4798,2025-05-13,Mechanical Keyboard,Electronics,North,Customer 37,4,97.27,389.08
4800,2025-05-14,Webcam HD,Electronics,South,Customer 38,1,73.08,73.08
4801,2025-05-14,Desk Lamp,Furniture,South,Customer 4,4,46.66,186.64
4802,2025-05-14,Pen Pack,Stationery,South,Customer 28,1,8.82,8.82
4803,2025-05-14,USB-C Hub,Electronics,West,Customer 7,6,36.15,216.9
4804,2025-05-14,USB-C Hub,Electronics,North,Customer 13,6,42.62,255.72
4805,2025-05-14,Bluetooth Speaker,Electronics,Central,Customer 26,2,59.84,119.68
4806,2025-05-15,Pen Pack,Stationery,North,Customer 37,5,8.33,41.65
4808,2025-05-15,Pen Pack,Stationery,South,Customer 9,2,7.36,14.72
4809,2025-05-15,Pen Pack,Stationery,West,Customer 22,6,7.98,47.88
4810,2025-05-15,Filing Cabinet,Furniture,West,Customer 42,5,171.14,855.7
4812,2025-05-15,Webcam HD,Electronics,East,Customer 13,5,78.75,393.75
4813,2025-05-15,Mechanical Keyboard,Electronics,East,Customer 20,5,78.45,392.25
4815,2025-05-16,Desk Lamp,Furniture,South,Customer 8,2,43.12,86.24
4817,2025-05-16,Notebook Set,Stationery,West,Customer 52,3,13.78,41.34
4818,2025-05-16,Standing Desk,Furniture,South,Customer 27,4,315.6,1262.4
4821,2025-05-16,Mechanical Keyboard,Electronics,East,Customer 28,4,93.84,375.36
4822,2025-05-17,Filing Cabinet,Furniture,North,Customer 27,1,144.63,144.63
4823,2025-05-17,Office Chair,Furniture,South,Customer 3,3,176.16,528.48
4824,2025-05-17,Bluetooth Speaker,Electronics,West,Customer 40,6,54.81,328.86
4825,2025-05-17,USB-C Hub,Electronics,Central,Customer 42,4,40.41,161.64
4826,2025-05-18,Desk Lamp,Furniture,East,Customer 14,2,46.9,93.8
4827,2025-05-18,Wireless Mouse,Electronics,North,Customer 12,6,24.82,148.92
4828,2025-05-18,Desk Lamp,Furniture,West,Customer 27,3,41.74,125.22
4829,2025-05-18,Webcam HD,Electronics,North,Customer 55,2,70.46,140.92
4830,2025-05-19,Desk Lamp,Furniture,Central,Customer 54,5,43.76,218.8
4831,2025-05-19,Bluetooth Speaker,Electronics,East,Customer 27,3,57.91,173.73
4832,2025-05-19,Webcam HD,Electronics,East,Customer 56,4,67.34,269.36
4833,2025-05-19,Standing Desk,Furniture,North,Customer 51,6,334.37,2006.22
4834,2025-05-19,Standing Desk,Furniture,Central,Customer 38,5,325.61,1628.05
4835,2025-05-20,Office Chair,Furniture,East,Customer 18,5,172.91,864.55
4837,2025-05-20,Notebook Set,Stationery,Central,Customer 11,3,10.85,32.55
4838,2025-05-20,USB-C Hub,Electronics,West,Customer 9,2,36.48,72.96
4840,2025-05-20,Whiteboard,Stationery,East,Customer 7,6,65.56,393.36
4842,2025-05-21,USB-C Hub,Electronics,West,Customer 49,1,42.91,42.91
4843,2025-05-21,Wireless Mouse,Electronics,Central,Customer 23,4,24.54,98.16
4844,2025-05-21,Office Chair,Furniture,East,Customer 22,3,190.36,571.08
4845,2025-05-21,Pen Pack,Stationery,North,Customer 16,5,7.46,37.3
4846,2025-05-21,Wireless Mouse,Electronics,East,Customer 25,1,24.39,24.39
4847,2025-05-21,Mechanical Keyboard,Electronics,North,Customer 53,2,91.88,183.76
4848,2025-05-21,Wireless Mouse,Electronics,North,Customer 9,2,28.11,56.22
4849,2025-05-21,Mechanical Keyboard,Electronics,West,Customer 56,2,92.09,184.18
4850,2025-05-21,Desk Lamp,Furniture,East,Customer 38,5,48.45,242.25
4851,2025-05-21,Desk Lamp,Furniture,North,Customer 36,6,48.12,288.72
4852,2025-05-21,Notebook Set,Stationery,North,Customer 17,1,13.57,13.57
4853,2025-05-22,Filing Cabinet,Furniture,East,Customer 26,3,155.72,467.16
4854,2025-05-22,Notebook Set,Stationery,Central,Customer 36,2,11.05,22.1
4855,2025-05-22,Desk Lamp,Furniture,South,Customer 13,1,50.46,50.46
4856,2025-05-22,Notebook Set,Stationery,North,Customer 55,2,13.6,27.2
4857,2025-05-22,Office Chair,Furniture,East,Customer 27,2,175.95,351.9
4859,2025-05-23,Bluetooth Speaker,Electronics,West,Customer 51,4,56.44,225.76
4861,2025-05-23,Filing Cabinet,Furniture,Central,Customer 4,2,156.34,312.68
4863,2025-05-24,Standing Desk,Furniture,North,Customer 20,1,355.76,355.76
4864,2025-05-24,Office Chair,Furniture,East,Customer 4,3,164.63,493.89
4865,2025-05-24,USB-C Hub,Electronics,East,Customer 28,2,44.15,88.3
4866,2025-05-25,Notebook Set,Stationery,South,Customer 13,3,11.34,34.02
4867,2025-05-25,Office Chair,Furniture,South,Customer 1,2,185.41,370.82
4868,2025-05-25,USB-C Hub,Electronics,North,Customer 14,1,37.34,37.34
4869,2025-05-25,Office Chair,Furniture,East,Customer 27,1,172.34,172.34
4870,2025-05-26,Pen Pack,Stationery,West,Customer 51,4,7.34,29.36
4871,2025-05-26,Pen Pack,Stationery,West,Customer 10,3,9.07,27.21
4872,2025-05-26,Pen Pack,Stationery,East,Customer 16,5,8.42,42.1
4873,2025-05-26,Filing Cabinet,Furniture,South,Customer 4,1,141.51,141.51
4874,2025-05-26,Mechanical Keyboard,Electronics,Central,Customer 50,2,95.84,191.68
4876,2025-05-27,USB-C Hub,Electronics,North,Customer 52,1,37.27,37.27
4877,2025-05-27,Bluetooth Speaker,Electronics,North,Customer 6,6,60.46,362.76
4878,2025-05-28,Pen Pack,Stationery,South,Customer 19,6,7.53,45.18
4880,2025-05-28,Standing Desk,Furniture,North,Customer 54,6,392.27,2353.62
4881,2025-05-28,Pen Pack,Stationery,East,Customer 27,6,8.47,50.82
4883,2025-05-28,Standing Desk,Furniture,South,Customer 35,1,348.8,348.8
4884,2025-05-29,Pen Pack,Stationery,South,Customer 22,2,8.78,17.56
4885,2025-05-29,Whiteboard,Stationery,North,Customer 52,1,56.7,56.7
4886,2025-05-29,Bluetooth Speaker,Electronics,Central,Customer 19,6,54.22,325.32
4887,2025-05-30,Filing Cabinet,Furniture,South,Customer 16,3,169.31,507.93
4888,2025-05-30,Pen Pack,Stationery,North,Customer 51,2,8.45,16.9
4889,2025-05-30,USB-C Hub,Electronics,North,Customer 8,1,37.3,37.3
4890,2025-05-30,Whiteboard,Stationery,East,Customer 45,4,68.49,273.96
4892,2025-05-30,Mechanical Keyboard,Electronics,West,Customer 19,4,94.67,378.68
4893,2025-05-30,Filing Cabinet,Furniture,Central,Customer 10,1,164.92,164.92
4894,2025-05-31,Desk Lamp,Furniture,East,Customer 45,1,47.11,47.11
4897,2025-06-01,Standing Desk,Furniture,South,Customer 2,2,334.28,668.56
4898,2025-06-01,Desk Lamp,Furniture,South,Customer 25,3,42.18,126.54
4899,2025-06-01,Webcam HD,Electronics,West,Customer 55,3,74.99,224.97
4900,2025-06-02,Office Chair,Furniture,South,Customer 13,74,195.3,14452.2
4901,2025-06-02,Standing Desk,Furniture,North,Customer 20,3,341.43,1024.29
4902,2025-06-02,Whiteboard,Stationery,East,Customer 1,5,61.49,307.45
4903,2025-06-02,Standing Desk,Furniture,East,Customer 40,4,316.82,1267.28
4904,2025-06-02,Webcam HD,Electronics,North,Customer 40,4,76.4,305.6
4905,2025-06-03,Desk Lamp,Furniture,East,Customer 40,2,49.37,98.74
4906,2025-06-03,Filing Cabinet,Furniture,South,Customer 11,2,149.9,299.8
4908,2025-06-03,Pen Pack,Stationery,East,Customer 37,4,7.84,31.36
4909,2025-06-04,USB-C Hub,Electronics,East,Customer 35,1,40.18,40.18
4910,2025-06-04,Mechanical Keyboard,Electronics,East,Customer 37,2,93.7,187.4
4911,2025-06-04,Filing Cabinet,Furniture,North,Customer 21,2,140.66,281.32
4912,2025-06-04,Notebook Set,Stationery,East,Customer 49,2,10.93,21.86
4914,2025-06-04,Webcam HD,Electronics,South,Customer 53,6,77.22,463.32
4915,2025-06-04,Bluetooth Speaker,Electronics,South,Customer 3,6,53.58,321.48
4916,2025-06-05,Notebook Set,Stationery,Central,Customer 33,4,11.03,44.12
4917,2025-06-05,Wireless Mouse,Electronics,South,Customer 14,6,26.68,160.08
4918,2025-06-05,Filing Cabinet,Furniture,North,Customer 3,1,143.36,143.36
4919,2025-06-05,Standing Desk,Furniture,South,Customer 5,5,361.76,1808.8
4920,2025-06-05,Webcam HD,Electronics,South,Customer 51,1,66.09,66.09
4922,2025-06-05,Desk Lamp,Furniture,West,Customer 35,5,42.23,211.15
4923,2025-06-05,Pen Pack,Stationery,Central,Customer 8,4,7.8,31.2
4924,2025-06-05,Whiteboard,Stationery,West,Customer 20,3,57.93,173.79
4925,2025-06-06,Standing Desk,Furniture,North,Customer 51,2,388.25,776.5
4927,2025-06-06,Webcam HD,Electronics,Central,Customer 21,5,71.41,357.05
4929,2025-06-06,Standing Desk,Furniture,South,Customer 14,6,325.39,1952.34
4930,2025-06-06,Standing Desk,Furniture,West,Customer 52,6,330.78,1984.68
4931,2025-06-06,USB-C Hub,Electronics,East,Customer 45,2,36.75,73.5
4932,2025-06-06,Mechanical Keyboard,Electronics,Central,Customer 14,1,82.54,82.54
4933,2025-06-07,Mechanical Keyboard,Electronics,Central,Customer 50,3,92.07,276.21
4934,2025-06-07,Filing Cabinet,Furniture,West,Customer 10,1,138.38,138.38
4935,2025-06-07,Notebook Set,Stationery,East,Customer 37,5,12.63,63.15
4936,2025-06-07,Filing Cabinet,Furniture,South,Customer 8,5,138.62,693.1
4937,2025-06-08,Filing Cabinet,Furniture,West,Customer 28,5,135.75,678.75
4939,2025-06-08,Wireless Mouse,Electronics,Central,Customer 22,3,28.35,85.05
4940,2025-06-08,Office Chair,Furniture,North,Customer 21,5,179.82,899.1
4942,2025-06-09,Whiteboard,Stationery,Central,Customer 45,62,62.25,3859.5
4943,2025-06-09,USB-C Hub,Electronics,Central,Customer 50,4,44.42,177.68
4944,2025-06-09,Bluetooth Speaker,Electronics,West,Customer 11,1,50.32,50.32
4945,2025-06-09,Pen Pack,Stationery,South,Customer 55,4,9.07,36.28
4946,2025-06-09,Whiteboard,Stationery,West,Customer 44,2,67.23,134.46
4947,2025-06-09,Office Chair,Furniture,North,Customer 33,2,198.66,397.32
4949,2025-06-09,Notebook Set,Stationery,West,Customer 36,2,11.99,23.98
4951,2025-06-10,Whiteboard,Stationery,Central,Customer 10,2,57.02,114.04
4952,2025-06-10,Mechanical Keyboard,Electronics,South,Customer 23,6,87.99,527.94
4953,2025-06-10,USB-C Hub,Electronics,North,Customer 34,4,43.37,173.48
4954,2025-06-10,Pen Pack,Stationery,North,Customer 26,3,8.62,25.86
4955,2025-06-10,Pen Pack,Stationery,West,Customer 49,4,7.97,31.88
4957,2025-06-10,Whiteboard,Stationery,East,Customer 16,5,55.51,277.55
4958,2025-06-11,Mechanical Keyboard,Electronics,West,Customer 8,5,79.21,396.05
4959,2025-06-11,Pen Pack,Stationery,Central,Customer 27,5,8.59,42.95
4960,2025-06-11,Bluetooth Speaker,Electronics,East,Customer 23,5,58.34,291.7
4961,2025-06-11,Webcam HD,Electronics,South,Customer 45,4,66.12,264.48
4962,2025-06-11,Notebook Set,Stationery,West,Customer 35,4,11.91,47.64
4963,2025-06-12,Notebook Set,Stationery,North,Customer 9,2,12.63,25.26
4964,2025-06-12,Desk Lamp,Furniture,Central,Customer 37,4,42.8,171.2
4966,2025-06-12,Webcam HD,Electronics,South,Customer 38,1,76.37,76.37
4967,2025-06-12,Bluetooth Speaker,Electronics,South,Customer 49,1,55.62,55.62
4968,2025-06-12,Bluetooth Speaker,Electronics,East,Customer 5,4,55.32,221.28
4969,2025-06-12,Pen Pack,Stationery,Central,Customer 1,5,8.44,42.2
4970,2025-06-12,Whiteboard,Stationery,West,Customer 17,5,60.86,304.3
4971,2025-06-13,Whiteboard,Stationery,East,Customer 26,3,64.28,192.84
4972,2025-06-13,Standing Desk,Furniture,Central,Customer 52,1,398.44,398.44
4973,2025-06-13,Whiteboard,Stationery,East,Customer 54,3,55.69,167.07
4974,2025-06-14,Pen Pack,Stationery,West,Customer 47,5,9.09,45.45
4975,2025-06-14,Bluetooth Speaker,Electronics,West,Customer 19,5,60.62,303.1
4976,2025-06-14,Bluetooth Speaker,Electronics,North,Customer 51,5,49.88,249.4
4978,2025-06-15,Wireless Mouse,Electronics,North,Customer 11,3,28.53,85.59
4979,2025-06-15,Notebook Set,Stationery,West,Customer 19,2,13.68,27.36
4980,2025-06-15,Whiteboard,Stationery,Central,Customer 12,5,67.53,337.65
4981,2025-06-16,Standing Desk,Furniture,North,Customer 50,5,387.94,1939.7
4982,2025-06-16,Office Chair,Furniture,Central,Customer 13,1,187.03,187.03
4983,2025-06-16,Webcam HD,Electronics,Central,Customer 36,1,68.77,68.77
4984,2025-06-16,Office Chair,Furniture,North,Customer 36,5,188.78,943.9
4986,2025-06-16,Pen Pack,Stationery,South,Customer 3,3,9.03,27.09
4987,2025-06-17,Webcam HD,Electronics,West,Customer 7,3,75.6,226.8
4988,2025-06-17,Bluetooth Speaker,Electronics,East,Customer 25,5,54.39,271.95
4989,2025-06-17,Standing Desk,Furniture,South,Customer 53,1,363.82,363.82
4990,2025-06-17,Pen Pack,Stationery,East,Customer 28,5,8.53,42.65
4991,2025-06-17,Pen Pack,Stationery,North,Customer 42,5,7.3,36.5
4992,2025-06-17,Mechanical Keyboard,Electronics,North,Customer 2,5,86.53,432.65
4993,2025-06-17,Mechanical Keyboard,Electronics,North,Customer 4,6,92.44,554.64
4994,2025-06-17,Office Chair,Furniture,East,Customer 9,3,203.35,610.05
4996,2025-06-17,Desk Lamp,Furniture,East,Customer 11,4,46.78,187.12
4997,2025-06-18,Standing Desk,Furniture,South,Customer 8,1,348.06,348.06
4998,2025-06-18,Desk Lamp,Furniture,West,Customer 9,3,47.38,142.14
4999,2025-06-18,Desk Lamp,Furniture,South,Customer 8,4,49.14,196.56
5001,2025-06-18,Wireless Mouse,Electronics,West,Customer 20,3,25.62,76.86
5002,2025-06-18,Whiteboard,Stationery,Central,Customer 15,3,64.27,192.81
5003,2025-06-19,Bluetooth Speaker,Electronics,South,Customer 35,4,53.99,215.96
5004,2025-06-19,Office Chair,Furniture,South,Customer 19,3,162.27,486.81
5005,2025-06-20,Desk Lamp,Furniture,Central,Customer 4,6,44.41,266.46
5006,2025-06-20,Wireless Mouse,Electronics,South,Customer 6,6,24.06,144.36
5008,2025-06-20,Pen Pack,Stationery,Central,Customer 42,4,7.51,30.04
5011,2025-06-21,Standing Desk,Furniture,East,Customer 7,2,374.61,749.22
5012,2025-06-21,Notebook Set,Stationery,East,Customer 40,1,13.73,13.73
5013,2025-06-21,Mechanical Keyboard,Electronics,North,Customer 34,4,77.91,311.64
5016,2025-06-22,Office Chair,Furniture,Central,Customer 47,3,196.76,590.28
5017,2025-06-22,Filing Cabinet,Furniture,West,Customer 8,6,146.09,876.54
5019,2025-06-22,Office Chair,Furniture,South,Customer 3,3,175.02,525.06
5020,2025-06-22,Desk Lamp,Furniture,South,Customer 13,2,45.99,91.98
5021,2025-06-22,Mechanical Keyboard,Electronics,North,Customer 45,5,81.13,405.65
5022,2025-06-22,Office Chair,Furniture,Central,Customer 12,2,199.15,398.3
5023,2025-06-23,Notebook Set,Stationery,South,Customer 52,1,12.34,12.34
5024,2025-06-23,Whiteboard,Stationery,Central,Customer 31,1,59.29,59.29
5025,2025-06-23,Office Chair,Furniture,South,Customer 21,1,174.84,174.84
5026,2025-06-23,Webcam HD,Electronics,East,Customer 27,1,68.49,68.49
5027,2025-06-23,Desk Lamp,Furniture,South,Customer 31,6,42.89,257.34
1490,2024-02-25,Desk Lamp,Furniture,East,Customer 48,2,51.35,102.7
2239,2024-06-15,Webcam HD,Electronics,East,Customer 34,1,78.06,78.06
3978,2025-02-02,Mechanical Keyboard,Electronics,West,Customer 27,6,88.02,528.12
2438,2024-07-13,USB-C Hub,Electronics,Central,Customer 22,4,42.31,169.24
3240,2024-10-10,Webcam HD,Electronics,South,Customer 47,1,79.95,79.95
